file,cut,rmsd
A0A1S1M770.pdb,633,0.547
W7J139.pdb,621,1.454
A0A934NT38.pdb,611,1.487
A0A7W8BW88.pdb,631,1.529
A0A0J6VW20.pdb,619,1.555
A0A318K9K9.pdb,622,1.557
K0EY54.pdb,604,1.564
A0A9X3BRH0.pdb,626,1.575
A0A1W9ZSJ9.pdb,627,1.582
A0A846XYC4.pdb,622,1.59
V5XIA1.pdb,621,1.616
A0A1G4V447.pdb,622,1.629
A0A7U9Q384.pdb,629,1.632
A0A401VU81.pdb,643,1.643
A0A117I9B3.pdb,624,1.703
E5XUS9.pdb,596,1.718
A0A849CGR7.pdb,607,1.735
A0A7H0I6F1.pdb,621,1.759
A0A1I0U7E5.pdb,604,1.766
A0A401YST3.pdb,636,1.791
A0AB73U7U3.pdb,633,1.808
A0A4V3I141.pdb,633,1.84
D6Z860.pdb,639,1.85
A0A4R8R2S8.pdb,630,1.864
A0A1A3U7T4.pdb,630,1.865
A0A1Y0C5T9.pdb,639,1.876
A0AB73N8J1.pdb,633,1.878
A0A9Q7SI49.pdb,630,1.879
A0A829PKA2.pdb,630,1.892
A0A4R8S1E2.pdb,633,1.926
A0A544W498.pdb,626,1.93
A0A0B1ZIQ0.pdb,589,1.934
A0AB33AHW7.pdb,630,1.934
A0A1E7JQU2.pdb,611,1.938
A0A7I7X9D1.pdb,639,1.942
A0A1X0J5R4.pdb,617,1.947
A0A1Z4F4H3.pdb,633,1.952
A0A179VCR2.pdb,630,1.962
A0A1A2P0A6.pdb,629,1.963
A0A7I9Z5A6.pdb,628,1.983
A0ABF7PG24.pdb,633,1.983
A0A1X0INU7.pdb,631,1.986
A0A024JZE3.pdb,626,1.998
A0AB33TCW4.pdb,630,1.999
A0A1S1LSR7.pdb,633,1.999
A0A3A4K4S5.pdb,600,2.001
A0A1X1XQZ1.pdb,617,2.003
A0A7G8PBZ5.pdb,622,2.005
A0A373A3G8.pdb,613,2.008
A0A829QKT7.pdb,630,2.011
A0A4R8SIE9.pdb,633,2.012
A0A927JBF8.pdb,596,2.019
A0A829HQL8.pdb,630,2.031
A0AAW5SKH5.pdb,622,2.031
A0A100W5I0.pdb,625,2.034
A0A1X1RMT2.pdb,627,2.036
A0A2U3P697.pdb,640,2.044
A0AAX1JEG7.pdb,628,2.056
A0A5N0EJT8.pdb,622,2.057
A0A318JYA7.pdb,624,2.06
A0A1A0VEQ6.pdb,632,2.063
Q7D6X4.pdb,618,2.077
A0AAE4VIV1.pdb,617,2.084
A0A9Y2N0A1.pdb,625,2.089
A0A378T283.pdb,615,2.09
A0A917RUF6.pdb,644,2.095
A0A7V8RYM6.pdb,630,2.097
A0A1T5FV39.pdb,602,2.099
A0A2K4Y436.pdb,640,2.099
K0V6S4.pdb,617,2.109
A0A0J8TXD9.pdb,615,2.11
A0A0H5RMP7.pdb,617,2.11
A0A927EY10.pdb,582,2.112
A0A4R5PD40.pdb,630,2.114
A0A1E7L3V6.pdb,627,2.114
A0A848KDK6.pdb,609,2.121
A0A1E5P3C7.pdb,626,2.125
A0A1X2L0G7.pdb,625,2.127
A0A7Z0IKF1.pdb,620,2.127
A0A1E3S739.pdb,621,2.133
A0AA37PNY0.pdb,640,2.136
A0ABD6QL27.pdb,617,2.136
A0A0U0ZG49.pdb,632,2.139
A0A024JSK2.pdb,640,2.141
A0A329K2Y4.pdb,621,2.147
A0AB74FGQ8.pdb,630,2.15
A0A1X1Z1D7.pdb,625,2.151
A0A1A2ZG36.pdb,614,2.151
A0A345I2A9.pdb,624,2.153
A0A7T1TD85.pdb,608,2.154
A0A1A2Z8H6.pdb,621,2.157
A0A5N0UWA7.pdb,609,2.158
A0A1X0I7R5.pdb,621,2.16
A0A7X6R1D2.pdb,611,2.162
A0A4Q9HZT3.pdb,632,2.164
A0A1X1RT79.pdb,602,2.165
A0A5N0E0J5.pdb,624,2.165
A0A9P3UYS2.pdb,621,2.167
A0A7I7SCY4.pdb,622,2.167
A0A378WN66.pdb,614,2.17
A0A7I9Y2B3.pdb,621,2.172
J5E0P6.pdb,621,2.173
A0A117IEQ2.pdb,617,2.175
A0A4R1FWD7.pdb,629,2.177
A0A1X1U6G3.pdb,640,2.177
A0AAW5THR0.pdb,609,2.177
A0A291RWF7.pdb,612,2.179
A0A7I9WQZ1.pdb,618,2.18
A0A0U0ZLV7.pdb,630,2.18
A0A1X1TV41.pdb,613,2.182
A0A4R7IZC0.pdb,615,2.184
A0A9Q7WGW0.pdb,619,2.186
A0A370I008.pdb,632,2.188
A0A1T5XJ36.pdb,630,2.193
A0A0H5RL48.pdb,609,2.201
A0A1Z4EBS9.pdb,638,2.201
A0A1A0VBY7.pdb,611,2.202
A0AAD1H459.pdb,612,2.203
A0A0U0ZPX5.pdb,619,2.206
A0AAX1JED5.pdb,625,2.207
A0A378UBH7.pdb,617,2.207
A0A1Z4EGK3.pdb,613,2.208
A0A6S6NYQ7.pdb,629,2.208
A0A640SD75.pdb,629,2.209
A0AB33TD28.pdb,619,2.21
A0A231H7W5.pdb,614,2.212
A0A024JWI0.pdb,613,2.216
H5U1W4.pdb,602,2.216
A0A1J0VT15.pdb,616,2.218
A0A1W9ZU79.pdb,609,2.219
A0A6N4VDZ9.pdb,615,2.219
A0A7I7X9S1.pdb,613,2.219
A0A1X1U567.pdb,618,2.222
A0A9X2YRI8.pdb,626,2.223
J9WJC3.pdb,611,2.223
A0AAX1J9Y8.pdb,624,2.224
A0A1X0AZ01.pdb,623,2.224
A0A498PZZ1.pdb,627,2.224
A0A7W9PLQ8.pdb,626,2.227
A0A1X0XWA4.pdb,612,2.228
A0A1H8UHI3.pdb,618,2.228
A0A1S1LBB7.pdb,630,2.228
A0AB72XQA2.pdb,618,2.229
A0A4R8SET2.pdb,619,2.232
A0A4R1FSR2.pdb,605,2.238
A0A511M4D4.pdb,622,2.238
A0A329M492.pdb,611,2.239
A0A1X0FZ49.pdb,611,2.24
A0A7K0DM07.pdb,623,2.241
A0AAJ1W4G5.pdb,622,2.244
A0A1G4WIS5.pdb,614,2.244
A0A7I7QP40.pdb,623,2.245
X8A9W7.pdb,632,2.246
A0A0Q2M080.pdb,622,2.246
A0A0U1Z2H3.pdb,612,2.246
A0AAI8TZQ7.pdb,624,2.246
A0A1S1M9C0.pdb,627,2.248
A0A3Q9KMK0.pdb,629,2.251
X8CEN6.pdb,611,2.251
A0A1A3NWI0.pdb,624,2.251
A0A1W9YPH5.pdb,603,2.253
A0A7X6M5C6.pdb,612,2.253
K0EPZ9.pdb,622,2.255
A0A045K2P5.pdb,618,2.257
A0A317N4Q8.pdb,616,2.258
A0A1Q4HNQ9.pdb,611,2.26
A0A4R8T0X1.pdb,619,2.26
A0AB73LE91.pdb,639,2.261
A0A1A3TXF6.pdb,622,2.262
A0A6H0S7C9.pdb,601,2.265
A0A1X2KZQ2.pdb,611,2.265
A0AB73U2P7.pdb,639,2.266
V5X749.pdb,602,2.267
A0A1X1SXX1.pdb,616,2.267
L7V8G3.pdb,624,2.268
A0A7X6MKH2.pdb,617,2.269
A0A7K0D4H1.pdb,620,2.272
A0A9N7QNJ2.pdb,624,2.272
A0A7I7PH49.pdb,628,2.273
A0A1A2DP38.pdb,630,2.274
A0A1A2SD60.pdb,632,2.274
A0A1W9ZN90.pdb,609,2.274
A0A1A2YRQ4.pdb,611,2.275
A0A1G6K7R0.pdb,632,2.276
A0AB38D5A4.pdb,630,2.277
A0A178CV43.pdb,614,2.277
A0A7I7X9S2.pdb,618,2.278
A0A0U0ZGC0.pdb,639,2.279
A0A1B9CJD7.pdb,618,2.28
A0A7I7YXB1.pdb,637,2.281
A0A051U3G5.pdb,621,2.281
A0A1X2FK51.pdb,623,2.282
A0A1X2DIF1.pdb,620,2.282
A0AAD1IMS5.pdb,627,2.283
A0A2K4YB80.pdb,632,2.283
A0A6A0AQ11.pdb,587,2.285
A0A1Y5Y6P3.pdb,605,2.286
H8IJH7.pdb,611,2.286
A0AB33ACF4.pdb,639,2.286
A0AAD1I0L4.pdb,631,2.287
A0A846VZQ1.pdb,595,2.287
A0A1X2AMC4.pdb,623,2.288
A0A853LYQ8.pdb,621,2.289
A0A0H3MCY6.pdb,618,2.289
A0A9X2E4R0.pdb,612,2.291
A0A2G8B7A9.pdb,619,2.291
A0A1D7VWY6.pdb,608,2.291
A0A1B8SKL4.pdb,624,2.294
U5ELY0.pdb,616,2.294
D5PI48.pdb,621,2.295
A0A1X0FY05.pdb,621,2.296
A0A5C7YBR3.pdb,622,2.299
A0A6G9XT36.pdb,622,2.302
A0A1A3KPW7.pdb,626,2.303
A0A829PY25.pdb,639,2.304
A0A285LZS8.pdb,616,2.304
A0A7I9YES0.pdb,626,2.304
A0A010YLP6.pdb,617,2.306
A0A0H5NNV9.pdb,610,2.307
A0A829QF13.pdb,639,2.308
A0AAJ3TVZ5.pdb,626,2.308
A0A329KUN3.pdb,611,2.309
A0A1X0YC10.pdb,620,2.309
A0A1S1M3C1.pdb,639,2.311
A0AB38CYE9.pdb,639,2.313
A0A9Q7SE40.pdb,632,2.315
A0A1Z4EZ73.pdb,639,2.316
A0A291RHD9.pdb,622,2.316
A0A829PS58.pdb,639,2.316
A0AA37PJ36.pdb,634,2.319
A0A1W9Z9K2.pdb,628,2.32
A0AB73LM64.pdb,632,2.321
A0A0M2WG04.pdb,592,2.322
A0AA42BYT1.pdb,623,2.323
A0A4R8S1L2.pdb,618,2.324
A0A7G8PH04.pdb,607,2.325
J9WML3.pdb,632,2.325
A0AAE4UCZ3.pdb,637,2.326
A0AA94UBA0.pdb,621,2.328
A0A6P1CTQ2.pdb,616,2.328
A0A164L8T1.pdb,621,2.329
A0A179VA95.pdb,619,2.331
A0A6G9Z0E6.pdb,621,2.334
A0AAE4RDM5.pdb,623,2.334
A0AAD1HL52.pdb,617,2.335
A0A7X5TUU1.pdb,607,2.335
A0A6G9Z057.pdb,622,2.337
A0A3E1HFK0.pdb,621,2.338
A0A4R8S7U6.pdb,639,2.338
A0AB38CZ04.pdb,632,2.338
A0AAE4UD82.pdb,632,2.339
A0A1A2STK0.pdb,640,2.339
A0A2A7NAH8.pdb,617,2.341
A0A9Q7WIY4.pdb,639,2.341
A0A544W0X3.pdb,611,2.341
A0A7R7MY24.pdb,625,2.342
A0A6N4W3I8.pdb,609,2.342
A0A7I9YZ18.pdb,626,2.343
A0A1A2SKN5.pdb,620,2.343
A0A7I9ZCH7.pdb,640,2.345
A0A7U5RXC1.pdb,632,2.345
A0A1A2EVY2.pdb,621,2.345
A0AAV2WH99.pdb,602,2.345
A0A1X2DPB1.pdb,609,2.345
A0A1Y2NRV5.pdb,587,2.346
A0A318JQK2.pdb,606,2.347
A0A064CG00.pdb,617,2.348
A0A853M2B7.pdb,611,2.35
A0A7V8RXZ3.pdb,632,2.35
A0A829MDQ7.pdb,632,2.35
A0AAC9YPU9.pdb,611,2.351
A0A1T3NLC9.pdb,595,2.351
J9WJ93.pdb,625,2.352
A0A1A2NZX0.pdb,623,2.352
A0A1A2Z2J8.pdb,600,2.355
A0A6G9YNU3.pdb,615,2.357
A0A100WL29.pdb,607,2.359
A0A1E3SKI4.pdb,626,2.359
A0AAX1JCS8.pdb,626,2.36
A0A1A0MX32.pdb,622,2.36
A0A829HWH3.pdb,632,2.361
A0A1X0DSG2.pdb,611,2.362
A0A291RHE0.pdb,621,2.363
K0V789.pdb,609,2.363
A0A375Z3F8.pdb,604,2.364
A0A7W9NKR9.pdb,596,2.365
A0A6N4W768.pdb,626,2.365
A0A829MIB4.pdb,639,2.366
A0A7U5MR51.pdb,637,2.366
X8DPU6.pdb,639,2.367
A0A1X0Y567.pdb,614,2.368
A0A4R8S6S5.pdb,639,2.368
A0A164L8S1.pdb,622,2.37
A0A829Q1V2.pdb,632,2.37
A0A1A2SGC1.pdb,611,2.37
A0AAI8U017.pdb,611,2.371
A0A1Y0CFN4.pdb,623,2.371
A0A5R8PAY8.pdb,617,2.371
A0A7D6ZHA2.pdb,609,2.373
A0A1X0XYW4.pdb,626,2.376
A0A1A3N5H1.pdb,626,2.376
A1T887.pdb,612,2.376
A0A1S1MVI3.pdb,620,2.376
A0A7U5RWM8.pdb,625,2.376
A0AB74F9U6.pdb,619,2.376
A0A1R3Y1N0.pdb,618,2.378
A0A4R6P566.pdb,595,2.378
H8IU56.pdb,625,2.381
A0A7G1KQI6.pdb,621,2.381
A0A0D2EWW5.pdb,614,2.382
A0A6I3L2J0.pdb,631,2.385
A0A449GAD2.pdb,610,2.385
A0A1A0V6S5.pdb,621,2.385
A0A853LXB5.pdb,632,2.386
Q5YY80.pdb,610,2.387
W9B0J1.pdb,607,2.387
O69484.pdb,625,2.391
A0A1D8GAR9.pdb,587,2.391
A0A0D1LMF4.pdb,622,2.392
A0A1X0AYB7.pdb,612,2.393
L7KHK1.pdb,593,2.394
A0A0F5MSZ2.pdb,622,2.395
A0A0U1DUP4.pdb,621,2.395
A0A6N4URH6.pdb,609,2.395
A0AB74FEB0.pdb,632,2.399
B2HE95.pdb,633,2.4
A0A0K0XCM7.pdb,625,2.401
A0A1A3U111.pdb,631,2.402
Q6RKB1.pdb,628,2.402
A0A1A2YYV5.pdb,632,2.402
A0A544W3Y3.pdb,632,2.404
A0A543EXG0.pdb,616,2.404
A0A179V396.pdb,632,2.404
A0A7X6MIZ0.pdb,609,2.408
A0A7I7QB07.pdb,611,2.408
A0A829PS24.pdb,632,2.409
A0A7I7PIE9.pdb,612,2.409
A0A9W4AZG8.pdb,618,2.41
A0A2K4YB08.pdb,634,2.411
A0ABD6QS80.pdb,609,2.412
A0A7I7RZ78.pdb,626,2.412
A0A1A3BEU1.pdb,626,2.413
A0AB33ACN0.pdb,632,2.415
A0A850PMX4.pdb,613,2.415
A0A6G9XS88.pdb,614,2.415
A0A0U1E1C0.pdb,609,2.415
A0A1S1LFP5.pdb,632,2.416
A0A7I7QP46.pdb,625,2.416
A0A1A3H185.pdb,621,2.417
A0A286MPQ6.pdb,587,2.417
A0AAD1IMP5.pdb,629,2.421
A0AB73U9A3.pdb,632,2.421
A0A378T271.pdb,609,2.422
A0A4R5WK74.pdb,622,2.422
A0A0L0JTI1.pdb,623,2.423
A0A7Y9XV54.pdb,632,2.424
A0A2A7NH78.pdb,619,2.426
A0AAC9VV50.pdb,628,2.427
A0AAJ3NLH7.pdb,621,2.428
A0A9X2E3D3.pdb,624,2.43
H8ITF4.pdb,632,2.43
A0AAW5TB97.pdb,615,2.433
A0A0F4ES51.pdb,625,2.433
F5YUX6.pdb,626,2.433
A0A7I9ZAR1.pdb,632,2.434
A0A1E8QAA5.pdb,626,2.435
A0A1X1WD57.pdb,611,2.435
A0A7I7VZ71.pdb,624,2.436
A0A1E3SLH6.pdb,611,2.436
A0A853LX37.pdb,628,2.437
A0A937RSP3.pdb,627,2.439
A0A1H6L3W8.pdb,622,2.441
A0A6G4AHJ1.pdb,595,2.448
A0A1X1TXE9.pdb,621,2.449
W9AZM3.pdb,614,2.45
A0A9X7WHR6.pdb,622,2.451
A0A2S8BGN3.pdb,623,2.452
A0A846MH08.pdb,639,2.452
A0A918CWM2.pdb,597,2.453
A0A4R8S8U4.pdb,632,2.453
A0A4Z0HSE6.pdb,613,2.454
A0A6G9YM63.pdb,622,2.455
A0A370HAX8.pdb,621,2.455
A0A375YKM9.pdb,613,2.456
A0A0U0WCI8.pdb,626,2.46
A0A0H5BB76.pdb,586,2.46
A0A7I7XXG0.pdb,621,2.462
A0A1S1LZ61.pdb,632,2.462
A0A846XPH2.pdb,632,2.463
A0A498PZU2.pdb,630,2.463
A0A0J6WR15.pdb,613,2.464
A0A3M2L4P9.pdb,619,2.465
A0A7I7JNU6.pdb,626,2.466
A0A1E3RBW0.pdb,621,2.466
A0A9X2Z2J6.pdb,632,2.466
A0A1X2EPB4.pdb,619,2.467
A0AAE6TQG2.pdb,629,2.467
A0A3S4RS92.pdb,613,2.468
A0A7I7WCE0.pdb,602,2.468
A0AA91M3B5.pdb,592,2.468
A0A1Q4H4E6.pdb,614,2.471
A0A0M2JYX2.pdb,613,2.472
G8RIP0.pdb,620,2.472
X0Q040.pdb,628,2.473
A0A7K1VB93.pdb,613,2.474
A0A0E4GX90.pdb,611,2.474
A0A1A1WCB1.pdb,615,2.475
A0A1W9Z9K6.pdb,621,2.476
A0A1S1L7L3.pdb,632,2.477
A0A1A6BMZ1.pdb,620,2.478
A0A1A2YVQ7.pdb,628,2.479
A0A7I9Z705.pdb,624,2.479
E5XP76.pdb,641,2.479
A0A4Z0HRY8.pdb,615,2.479
A0A8E2LPD0.pdb,631,2.48
A0A1I6TMF1.pdb,598,2.48
A0A2T2Z8U3.pdb,614,2.483
D6ZDT1.pdb,600,2.483
A0A1A2VM45.pdb,640,2.484
A0A7I7P449.pdb,640,2.486
A0A8J3FU84.pdb,636,2.487
A0A7I7R3J2.pdb,622,2.487
A0A7I9ZRY4.pdb,617,2.489
A0A561TWL9.pdb,629,2.492
A0A2U3P0N3.pdb,613,2.493
A0A329LAU5.pdb,621,2.494
A0A0J6VZP7.pdb,613,2.496
A0A132PRD2.pdb,623,2.497
A0A1X0BWL6.pdb,622,2.497
B2HN69.pdb,624,2.498
E3J9G9.pdb,627,2.499
A0A1A2SQA4.pdb,628,2.5
A0A0N9YG13.pdb,610,2.5
A0AA37PRM7.pdb,625,2.502
A0A7D6E1I6.pdb,621,2.503
A0A4Z0HM23.pdb,613,2.503
A0A318HI90.pdb,623,2.504
A0A7I7WJN8.pdb,618,2.504
A0A975JWU9.pdb,633,2.506
A0A502EC16.pdb,622,2.506
A0A1A3KJV4.pdb,624,2.508
A0A7I9XMW5.pdb,625,2.509
A0A9X2YIQ0.pdb,613,2.51
A0A8H2PIF1.pdb,621,2.51
A0A0J6Z0M9.pdb,613,2.51
A0A2K4Y9B3.pdb,613,2.511
A0A1X1ZAJ3.pdb,622,2.512
A0A1X1TX55.pdb,630,2.513
A0AAD1HCQ5.pdb,616,2.516
A0A0I9Z3I8.pdb,626,2.516
A0A1I5LZY6.pdb,629,2.518
A0A1X1XH13.pdb,627,2.519
A0A7I7YUU0.pdb,623,2.52
A0A1A3P7V6.pdb,611,2.522
A0A1S1LF81.pdb,627,2.522
A0A1T3NUL4.pdb,636,2.524
A0A3M2LDY9.pdb,610,2.524
A0AAU4K3W1.pdb,637,2.525
A0AB38USB2.pdb,631,2.527
A0A100W5H8.pdb,616,2.528
A0A1X2FLH9.pdb,610,2.529
A0AA37PJQ2.pdb,628,2.531
A0A2U3PHP0.pdb,622,2.532
A0A447GD36.pdb,628,2.533
A0A2U3NPT1.pdb,635,2.533
A0A4V3HUY3.pdb,619,2.535
A0A640UJM0.pdb,634,2.535
A0AAX3A495.pdb,613,2.536
A0A6G9Z2E5.pdb,622,2.536
A0A7I7RRZ6.pdb,618,2.538
A0A1E3S0K4.pdb,622,2.539
A0A255DTC1.pdb,616,2.539
A0A1X0J866.pdb,619,2.541
A0AB73MHS4.pdb,627,2.543
A0A1X0KKW9.pdb,621,2.543
B1VMZ4.pdb,602,2.544
A0A2G5PN19.pdb,627,2.546
A0A9X2E3I2.pdb,632,2.547
I4BIH7.pdb,613,2.548
A0A1A0VZR1.pdb,628,2.549
X8DWH6.pdb,619,2.549
A0AAC9YL18.pdb,621,2.55
A0A840Q103.pdb,599,2.551
A0A1E3SV84.pdb,634,2.553
A0A1E3SN70.pdb,612,2.554
A0A7I7QL20.pdb,631,2.555
A0A0D1L7Y1.pdb,622,2.555
A0A1T7HTT5.pdb,619,2.557
A0A7I7SXJ5.pdb,615,2.558
A0A163Z098.pdb,631,2.56
A0A329KGE0.pdb,618,2.564
A0A1Z4F080.pdb,627,2.564
A0A2S6AAE1.pdb,614,2.568
A0A1A0RF23.pdb,609,2.57
A0A7I7LJC3.pdb,624,2.572
A0A846YJB4.pdb,594,2.574
A0A426SF14.pdb,635,2.574
A0A4R5PF75.pdb,619,2.576
A0A1S1L5R7.pdb,619,2.576
A0A0J8TWL2.pdb,609,2.577
A0A1X0K0U7.pdb,618,2.582
A0A7K3R588.pdb,602,2.583
A0A1X1Y0D8.pdb,605,2.583
A0A5S9NMT1.pdb,616,2.583
A0A5C7XWH5.pdb,623,2.584
A0A1S1NIB3.pdb,627,2.584
A0A7H1Q5K4.pdb,633,2.586
A0A1V3WG34.pdb,628,2.587
A0AAX2ZQD4.pdb,609,2.588
A0A1A1WCA4.pdb,609,2.589
A0A939FJS2.pdb,629,2.59
A0A1X1V443.pdb,615,2.59
A0A7I7Q4Z2.pdb,613,2.59
A0A1E8Q6I1.pdb,616,2.591
A0A0E4CLA0.pdb,640,2.595
A0A9X8QZ54.pdb,632,2.598
Q741P9.pdb,624,2.602
A0A7I7MPF4.pdb,627,2.603
A0A7I7KQ88.pdb,620,2.603
A0A2G5PCS5.pdb,620,2.604
A0A7K3LE40.pdb,624,2.604
A0A917FVC2.pdb,633,2.604
A0A6P1D575.pdb,616,2.606
A0A024JZE8.pdb,634,2.607
A0A0B1ZH49.pdb,641,2.608
A0A2A3LDA8.pdb,624,2.61
A0A0H2ZUI5.pdb,624,2.611
A0A1U3MWT7.pdb,632,2.612
A0AAX2ZQB8.pdb,615,2.612
A0A1A3C4T0.pdb,621,2.613
A0AB33ADN5.pdb,619,2.616
A0A557XZJ5.pdb,633,2.616
A0A100WJQ5.pdb,614,2.622
A0A5R8NPV3.pdb,617,2.625
A0A829Q102.pdb,619,2.625
A0ABD7HN08.pdb,619,2.628
A0AAJ3NT49.pdb,611,2.629
L7V833.pdb,633,2.629
A0A1X1VXW9.pdb,632,2.631
A0AAW5S5J5.pdb,624,2.631
A0A1Y5PCF7.pdb,615,2.639
A0A0Q2RTZ0.pdb,619,2.64
A0A386ZPG1.pdb,636,2.644
A0A829PSZ5.pdb,619,2.647
A0A1A3GZZ6.pdb,625,2.648
A0A0K0XB28.pdb,623,2.649
A0A4R5X5Y0.pdb,613,2.651
A0A370I000.pdb,605,2.651
A0A1X1SSG1.pdb,627,2.651
A0A839Q3V9.pdb,612,2.654
A0A7I7TD11.pdb,615,2.656
A0A7I7ZRH7.pdb,625,2.657
A0A829HTG5.pdb,619,2.657
A0A9Y2IBK6.pdb,622,2.657
A0A2A9FBQ2.pdb,623,2.658
A0A421AW77.pdb,617,2.658
A0A117I9Z0.pdb,622,2.661
A0A542DCL6.pdb,635,2.662
A0A7I7NVN0.pdb,621,2.667
A0A7V8LNU0.pdb,619,2.669
A0A1Q9W8K3.pdb,609,2.674
A0A1X0DT32.pdb,611,2.676
A0A1A3N7A1.pdb,624,2.676
A0A1X0I595.pdb,639,2.68
A0A1Z4EZ40.pdb,632,2.68
A0A5J5JW77.pdb,622,2.682
A0A6G9ZF28.pdb,612,2.683
A0A927MND6.pdb,621,2.683
A0A2A2ZGB2.pdb,622,2.683
A0A7I7S1X3.pdb,634,2.684
A0A4R5WKD4.pdb,625,2.686
A0A1B4Y4X4.pdb,624,2.686
A0A132PS78.pdb,610,2.687
A0A0F5NA60.pdb,624,2.691
A0A9N7QL79.pdb,634,2.696
A0A4Q7KNW3.pdb,614,2.697
A0A7G8PH05.pdb,614,2.697
A0A498QQD7.pdb,630,2.7
A0A1Y0C436.pdb,626,2.703
A0A1S1KKY6.pdb,615,2.704
A0A178LTI6.pdb,611,2.704
A0A124DZH3.pdb,637,2.707
A0A1A0RF29.pdb,615,2.708
A0A438ATK5.pdb,622,2.709
A0A172UHW8.pdb,605,2.709
K0UL90.pdb,611,2.709
A0A438AUV2.pdb,622,2.709
A0A2N3VL42.pdb,610,2.716
A0A7I7UBW3.pdb,613,2.717
A0A378TAR8.pdb,618,2.717
A0A2I2L057.pdb,648,2.717
A0A9X3C2T0.pdb,611,2.717
A0A9X7ILG2.pdb,622,2.718
A0A7Z7ILT5.pdb,618,2.72
A0A1X2F2L6.pdb,617,2.72
A0A1G6PJB6.pdb,630,2.721
A0A1B9CX42.pdb,621,2.722
A0A7I7XP41.pdb,616,2.723
A0A1X0A2U5.pdb,626,2.731
A0A919J5R3.pdb,622,2.732
A0A5Q5CFF7.pdb,623,2.734
A0A2U9PQ99.pdb,622,2.735
A0A2U3N8I6.pdb,612,2.735
A0A653EJG9.pdb,620,2.741
A0A1X2DGR4.pdb,620,2.741
A0AA91EXD2.pdb,622,2.745
A0A1X1RGM6.pdb,615,2.746
A0A6S6P6D8.pdb,627,2.748
A0A1W9ZC84.pdb,617,2.752
A0A653FAQ0.pdb,622,2.755
A0A7X5R533.pdb,614,2.755
A0A5B1BH70.pdb,628,2.755
A0A7I7Q331.pdb,634,2.756
A0A051UFG9.pdb,640,2.765
A0A1A3P195.pdb,621,2.766
A0A1Q4HPF1.pdb,621,2.769
A0A1A2UBP1.pdb,621,2.772
A0A7W7VZ67.pdb,633,2.782
A0A0N9XFV2.pdb,617,2.783
A0A1X2LPX9.pdb,621,2.789
A0A4Z0LXD8.pdb,641,2.8
A0A401YDY7.pdb,625,2.801
A8M8D3.pdb,618,2.801
A0A5J4LNN8.pdb,634,2.802
A0A0H3MU55.pdb,639,2.809
A0A6G3SLA6.pdb,602,2.809
A0A1X0ED97.pdb,627,2.809
W9AKH0.pdb,622,2.811
A0A5N5VEC4.pdb,613,2.815
H6R914.pdb,616,2.821
A0A1X1TAZ5.pdb,614,2.829
J7U6E9.pdb,640,2.83
A0A0L0JLL3.pdb,603,2.858
A0A143QSN8.pdb,636,2.869
K0VFF7.pdb,621,2.874
A0AAD1I1H5.pdb,627,2.888
A0A4U8W070.pdb,617,2.89
A0AB73U621.pdb,627,2.894
A0A1X1YTK3.pdb,623,2.917
A0A1S1LPM2.pdb,639,2.918
A0A5Q5BJ80.pdb,623,2.938
A0A829QG83.pdb,632,2.957
A0A1X1YHA8.pdb,623,2.969
A0A1A0MY20.pdb,625,2.98
A0PPD8.pdb,624,2.996
I7GER2.pdb,652,2.999
A0A7I9YMY6.pdb,620,3.023
A0A1A3KI76.pdb,620,3.023
W5WC87.pdb,637,3.049
A0A542XQI9.pdb,624,3.062
A0A378YSF8.pdb,612,3.07
A0A8J4A7U7.pdb,629,3.072
A0A0B8NM02.pdb,631,3.083
A0A8H2PI19.pdb,625,3.092
A0A516NPD0.pdb,612,3.107
A0A1G7L4S3.pdb,632,3.132
A0A2N8P9Q2.pdb,632,3.132
A0A0U1D4T9.pdb,639,3.146
A0A1X0D333.pdb,626,3.156
A0A7I7RUI0.pdb,635,3.178
I7C367.pdb,602,3.181
A0AAP6BDL8.pdb,620,3.252
A0A0K0X557.pdb,630,3.297
A0A7V8RXZ7.pdb,639,3.314
A0A1S1KYS6.pdb,639,3.342
A0A2U9PXP1.pdb,632,3.401
A0A7W6BWA9.pdb,601,3.412
A0A179V451.pdb,639,3.43
A0A1H7CJ42.pdb,641,3.446
D5PAD3.pdb,640,3.461
A0A653FCI4.pdb,632,3.519
A0A3S3ZSH2.pdb,621,3.526
A0A1T5FEL0.pdb,602,3.679
A0A1X1ZUN6.pdb,630,3.768
A0A6J5A950.pdb,639,3.785
