file,entry,rmsd
A0A4R8SIE9.pdb,A0A4R8SIE9,0.302
A0AB73N8J1.pdb,A0AB73N8J1,0.304
A0AB73U7U3.pdb,A0AB73U7U3,0.304
A0A1S1M770.pdb,A0A1S1M770,0.304
A0A4R8S1E2.pdb,A0A4R8S1E2,0.308
A0AB33AHW7.pdb,A0AB33AHW7,0.315
A0A4V3I141.pdb,A0A4V3I141,0.315
A0A1X0INU7.pdb,A0A1X0INU7,0.319
A0AB38D5A4.pdb,A0AB38D5A4,0.319
A0A1S1LSR7.pdb,A0A1S1LSR7,0.321
A0A1T5XJ36.pdb,A0A1T5XJ36,0.321
A0A4R8R2S8.pdb,A0A4R8R2S8,0.323
A0A4R5PD40.pdb,A0A4R5PD40,0.323
A0A1S1LBB7.pdb,A0A1S1LBB7,0.325
A0A829HQL8.pdb,A0A829HQL8,0.333
A0ABF7PG24.pdb,A0ABF7PG24,0.336
A0AB74FGQ8.pdb,A0AB74FGQ8,0.337
A0A829QKT7.pdb,A0A829QKT7,0.337
A0A829PKA2.pdb,A0A829PKA2,0.337
A0A0U0ZLV7.pdb,A0A0U0ZLV7,0.338
A0A9Q7SI49.pdb,A0A9Q7SI49,0.338
A0ABX3C2C3.pdb,A0ABX3C2C3,0.339
A0A179VCR2.pdb,A0A179VCR2,0.351
A0A7V8RYM6.pdb,A0A7V8RYM6,0.362
A0AB33TCW4.pdb,A0AB33TCW4,0.363
A0A1Z4F4H3.pdb,A0A1Z4F4H3,0.37
A0A1X1XQZ1.pdb,A0A1X1XQZ1,0.689
A0A7I7TD11.pdb,A0A7I7TD11,0.696
A0A7I7QP40.pdb,A0A7I7QP40,0.699
A0A7Y9XV54.pdb,A0A7Y9XV54,0.708
A0ABM7I197.pdb,A0ABM7I197,0.713
A0A7Z7ILT5.pdb,A0A7Z7ILT5,0.717
A0A7I7SXJ5.pdb,A0A7I7SXJ5,0.723
A0ABV9A5N2.pdb,A0ABV9A5N2,0.729
A0A064CG00.pdb,A0A064CG00,0.729
A0ABR4YVZ6.pdb,A0ABR4YVZ6,0.733
A0A2S6AAE1.pdb,A0A2S6AAE1,0.734
A0A1A3U111.pdb,A0A1A3U111,0.736
A0A7X6MKH2.pdb,A0A7X6MKH2,0.739
A0AAD1HL52.pdb,A0AAD1HL52,0.739
A0ABT1M7B6.pdb,A0ABT1M7B6,0.739
A0ABW9L2Z5.pdb,A0ABW9L2Z5,0.745
A0A1H6L3W8.pdb,A0A1H6L3W8,0.746
A0A7I7X9S1.pdb,A0A7I7X9S1,0.749
A0A5N5VEC4.pdb,A0A5N5VEC4,0.749
A0A1X2F2L6.pdb,A0A1X2F2L6,0.75
A0A2G8B7A9.pdb,A0A2G8B7A9,0.751
K0V6S4.pdb,K0V6S4,0.754
Q7D6X4.pdb,Q7D6X4,0.755
A0A329LAU5.pdb,A0A329LAU5,0.755
A0A045K2P5.pdb,A0A045K2P5,0.755
A0A231H7W5.pdb,A0A231H7W5,0.756
A0A3M2L4P9.pdb,A0A3M2L4P9,0.756
A0A1Y0CFN4.pdb,A0A1Y0CFN4,0.756
A0A1X0J5R4.pdb,A0A1X0J5R4,0.757
A0A1E7JQU2.pdb,A0A1E7JQU2,0.76
A0ABY3VMA4.pdb,A0ABY3VMA4,0.761
A0A1E7L3V6.pdb,A0A1E7L3V6,0.762
A0A378UBH7.pdb,A0A378UBH7,0.762
A0A5C7YBR3.pdb,A0A5C7YBR3,0.763
A0ABQ1V3W2.pdb,A0ABQ1V3W2,0.763
A0A7I7RZ78.pdb,A0A7I7RZ78,0.764
A0ABT8HAL2.pdb,A0ABT8HAL2,0.765
A0A850PMX4.pdb,A0A850PMX4,0.766
A0A544W498.pdb,A0A544W498,0.766
A0A1A2DP38.pdb,A0A1A2DP38,0.767
A0A5S9NMT1.pdb,A0A5S9NMT1,0.768
A0AAI8TZQ7.pdb,A0AAI8TZQ7,0.772
A0ABT6KTL6.pdb,A0ABT6KTL6,0.774
A0AAJ3NLH7.pdb,A0AAJ3NLH7,0.775
A0AAE4RDM5.pdb,A0AAE4RDM5,0.775
A0A1A6BMZ1.pdb,A0A1A6BMZ1,0.777
A0A1X2FK51.pdb,A0A1X2FK51,0.777
A0A2I2L057.pdb,A0A2I2L057,0.778
A0ABU5XGE3.pdb,A0ABU5XGE3,0.779
K0EPZ9.pdb,K0EPZ9,0.779
A0ABS6B304.pdb,A0ABS6B304,0.78
A0A1W9YPH5.pdb,A0A1W9YPH5,0.784
A0A6H0S7C9.pdb,A0A6H0S7C9,0.787
A0A1W9Z9K6.pdb,A0A1W9Z9K6,0.789
A0ABS6B2B6.pdb,A0ABS6B2B6,0.79
A0ABM9LWN3.pdb,A0ABM9LWN3,0.791
A0ABT6GXB0.pdb,A0ABT6GXB0,0.792
A0ABM7K1P0.pdb,A0ABM7K1P0,0.793
A0A1X1TV41.pdb,A0A1X1TV41,0.795
A0A1X2DGR4.pdb,A0A1X2DGR4,0.796
A0A9X3BRH0.pdb,A0A9X3BRH0,0.797
A0A1W9ZC84.pdb,A0A1W9ZC84,0.797
A0ABV6V4L7.pdb,A0ABV6V4L7,0.797
A0ABS4ZW31.pdb,A0ABS4ZW31,0.799
A0A1X1Y0D8.pdb,A0A1X1Y0D8,0.8
A0A1E3S739.pdb,A0A1E3S739,0.8
A0A7K0D4H1.pdb,A0A7K0D4H1,0.8
A0ABN6AP09.pdb,A0ABN6AP09,0.8
A0A9X2YIQ0.pdb,A0A9X2YIQ0,0.801
A0AAW5SKH5.pdb,A0AAW5SKH5,0.802
A0ABW6S3H3.pdb,A0ABW6S3H3,0.803
A0A653EJG9.pdb,A0A653EJG9,0.803
A0ABM7SX73.pdb,A0ABM7SX73,0.803
A0A829QG83.pdb,A0A829QG83,0.806
A0A255DTC1.pdb,A0A255DTC1,0.806
A0AB74FEB0.pdb,A0AB74FEB0,0.806
A0A918CWM2.pdb,A0A918CWM2,0.807
A0ABV3VN90.pdb,A0ABV3VN90,0.807
A0AAX2ZQB8.pdb,A0AAX2ZQB8,0.808
A0A7I9YMY6.pdb,A0A7I9YMY6,0.809
A0A100W5H8.pdb,A0A100W5H8,0.809
A0A1X2EPB4.pdb,A0A1X2EPB4,0.809
J9WJC3.pdb,J9WJC3,0.812
A0A9W4AZG8.pdb,A0A9W4AZG8,0.813
A0A7X5R533.pdb,A0A7X5R533,0.813
A0A1A3KI76.pdb,A0A1A3KI76,0.813
A0A1X1RT79.pdb,A0A1X1RT79,0.814
A0A0K0XB28.pdb,A0A0K0XB28,0.814
A0AAD1H459.pdb,A0AAD1H459,0.815
A0A1X0FY05.pdb,A0A1X0FY05,0.815
A0A0D2EWW5.pdb,A0A0D2EWW5,0.815
A0A4R5X5Y0.pdb,A0A4R5X5Y0,0.816
A0A1A0MY20.pdb,A0A1A0MY20,0.816
A0A1X0YC10.pdb,A0A1X0YC10,0.816
A0A1Z4EGK3.pdb,A0A1Z4EGK3,0.816
A0A2U3P0N3.pdb,A0A2U3P0N3,0.817
A0A9P3UYS2.pdb,A0A9P3UYS2,0.817
A0A1A0RF29.pdb,A0A1A0RF29,0.817
A0A2K4Y9B3.pdb,A0A2K4Y9B3,0.818
A0AA42BYT1.pdb,A0AA42BYT1,0.818
A0ABU5XT42.pdb,A0ABU5XT42,0.818
A0A378T271.pdb,A0A378T271,0.818
A0A0J6Z0M9.pdb,A0A0J6Z0M9,0.818
A0A117IEQ2.pdb,A0A117IEQ2,0.819
A0A100W5I0.pdb,A0A100W5I0,0.819
A0AB72XQA2.pdb,A0AB72XQA2,0.819
W9AZM3.pdb,W9AZM3,0.819
A0A7D6E1I6.pdb,A0A7D6E1I6,0.82
A0A1A2SKN5.pdb,A0A1A2SKN5,0.821
A0ABQ1C2G9.pdb,A0ABQ1C2G9,0.821
A1T887.pdb,A1T887,0.822
A0ABY3TX45.pdb,A0ABY3TX45,0.824
A0A6N4URH6.pdb,A0A6N4URH6,0.824
B2HE95.pdb,B2HE95,0.824
A0A1A0RF23.pdb,A0A1A0RF23,0.825
A0ABR4ZAR7.pdb,A0ABR4ZAR7,0.826
A0A1S1MVI3.pdb,A0A1S1MVI3,0.826
A0A829PS24.pdb,A0A829PS24,0.827
A0ABW6P5Z0.pdb,A0ABW6P5Z0,0.827
A0A1A3P195.pdb,A0A1A3P195,0.827
A0AAV2WH99.pdb,A0AAV2WH99,0.827
A0A1X1SXX1.pdb,A0A1X1SXX1,0.827
A0AAW5THR0.pdb,A0AAW5THR0,0.828
A0A2A2ZGB2.pdb,A0A2A2ZGB2,0.829
A0AAD1IMS5.pdb,A0AAD1IMS5,0.83
A0A7I7R3J2.pdb,A0A7I7R3J2,0.83
A0ABX8VN38.pdb,A0ABX8VN38,0.83
A0A1S1KKY6.pdb,A0A1S1KKY6,0.831
A0A1A1WCB1.pdb,A0A1A1WCB1,0.831
A0A7I9YES0.pdb,A0A7I9YES0,0.831
A0A0H3MCY6.pdb,A0A0H3MCY6,0.832
A0A1R3Y1N0.pdb,A0A1R3Y1N0,0.832
A0A7I7Q331.pdb,A0A7I7Q331,0.832
A0ABV2WK41.pdb,A0ABV2WK41,0.833
A0A0N9XFV2.pdb,A0A0N9XFV2,0.833
A0A5N0E0J5.pdb,A0A5N0E0J5,0.833
A0A1A3KJV4.pdb,A0A1A3KJV4,0.835
A0ABT4HB77.pdb,A0ABT4HB77,0.835
A0A0J6WR15.pdb,A0A0J6WR15,0.835
A0A6N4W768.pdb,A0A6N4W768,0.835
A0A0J6VZP7.pdb,A0A0J6VZP7,0.835
A0A132PRD2.pdb,A0A132PRD2,0.835
A0ABS6HX69.pdb,A0ABS6HX69,0.836
A0A7I7NVN0.pdb,A0A7I7NVN0,0.837
A0A6G9XS88.pdb,A0A6G9XS88,0.837
A0A0K0XCM7.pdb,A0A0K0XCM7,0.837
A0ABT6KSA3.pdb,A0ABT6KSA3,0.838
A0A9N7QL79.pdb,A0A9N7QL79,0.838
A0A329K2Y4.pdb,A0A329K2Y4,0.838
A0A9X7WHR6.pdb,A0A9X7WHR6,0.839
A0A1X2LPX9.pdb,A0A1X2LPX9,0.839
A0AB73LM64.pdb,A0AB73LM64,0.842
A0AAE4VIV1.pdb,A0AAE4VIV1,0.842
A0A0J8TWL2.pdb,A0A0J8TWL2,0.842
K0UL90.pdb,K0UL90,0.843
A0A1A3P7V6.pdb,A0A1A3P7V6,0.844
A0A8H2PIF1.pdb,A0A8H2PIF1,0.844
A0AAW5TB97.pdb,A0AAW5TB97,0.844
A0ACD1FAL4.pdb,A0ACD1FAL4,0.844
A0A7I7RUI0.pdb,A0A7I7RUI0,0.844
A0ABD6QL27.pdb,A0ABD6QL27,0.844
A0A375YKM9.pdb,A0A375YKM9,0.845
A0A1X2L0G7.pdb,A0A1X2L0G7,0.845
A0ABS6HWS9.pdb,A0ABS6HWS9,0.845
A0A1A3C4T0.pdb,A0A1A3C4T0,0.845
A0A1A0V6S5.pdb,A0A1A0V6S5,0.847
A0A4Z0HRY8.pdb,A0A4Z0HRY8,0.847
A0ABU5YQP4.pdb,A0ABU5YQP4,0.848
A0A2U3N8I6.pdb,A0A2U3N8I6,0.848
A0ABX3T0P8.pdb,A0ABX3T0P8,0.849
A0A7K3LE40.pdb,A0A7K3LE40,0.849
A0ABW9M0U1.pdb,A0ABW9M0U1,0.85
A0A1A1WCA4.pdb,A0A1A1WCA4,0.852
A0A1S1L7L3.pdb,A0A1S1L7L3,0.852
A0A378WN66.pdb,A0A378WN66,0.852
A0A7I7QB07.pdb,A0A7I7QB07,0.852
A0A0U1E1C0.pdb,A0A0U1E1C0,0.852
A0ABR5FFS4.pdb,A0ABR5FFS4,0.853
A0AA37PRM7.pdb,A0AA37PRM7,0.854
A0ABX3VAQ3.pdb,A0ABX3VAQ3,0.854
A0AAC9YL18.pdb,A0AAC9YL18,0.854
A0ABW9M0T7.pdb,A0ABW9M0T7,0.854
A0ABU5Y1S8.pdb,A0ABU5Y1S8,0.854
A0ABU5XMQ5.pdb,A0ABU5XMQ5,0.854
A0A853LYQ8.pdb,A0A853LYQ8,0.855
A0A0J8TXD9.pdb,A0A0J8TXD9,0.855
A0ABR5FS25.pdb,A0ABR5FS25,0.855
A0ABW3GAX3.pdb,A0ABW3GAX3,0.855
A0A2U9PQ99.pdb,A0A2U9PQ99,0.855
K0V789.pdb,K0V789,0.855
A0A1G4WIS5.pdb,A0A1G4WIS5,0.856
A0ABU1XFG9.pdb,A0ABU1XFG9,0.857
A0A024JWI0.pdb,A0A024JWI0,0.857
A0ABD6QS80.pdb,A0ABD6QS80,0.858
A0A7I7WJN8.pdb,A0A7I7WJN8,0.858
A0A0F5MSZ2.pdb,A0A0F5MSZ2,0.858
A0A1I5LZY6.pdb,A0A1I5LZY6,0.858
A0A7G8PH05.pdb,A0A7G8PH05,0.859
A0ABN5ZR55.pdb,A0ABN5ZR55,0.859
A0A375Z3F8.pdb,A0A375Z3F8,0.859
A0A0Q2RTZ0.pdb,A0A0Q2RTZ0,0.86
A0A1X2FLH9.pdb,A0A1X2FLH9,0.86
A0A1S1LFP5.pdb,A0A1S1LFP5,0.861
A0ABN6IEF7.pdb,A0ABN6IEF7,0.861
A0A051U3G5.pdb,A0A051U3G5,0.862
A0A0U1DUP4.pdb,A0A0U1DUP4,0.862
A0AAJ3NT49.pdb,A0AAJ3NT49,0.863
A0AAE4UCZ3.pdb,A0AAE4UCZ3,0.863
A0A178LTI6.pdb,A0A178LTI6,0.864
A0A846XPH2.pdb,A0A846XPH2,0.865
A0A846YJB4.pdb,A0A846YJB4,0.865
A0A438AUV2.pdb,A0A438AUV2,0.866
A0A7I9Z705.pdb,A0A7I9Z705,0.867
A0A7I7XXG0.pdb,A0A7I7XXG0,0.867
A0ABS5RSN2.pdb,A0ABS5RSN2,0.867
X8CEN6.pdb,X8CEN6,0.867
A0A4R5WKD4.pdb,A0A4R5WKD4,0.868
A0AAX2ZQD4.pdb,A0AAX2ZQD4,0.868
A0A164L8T1.pdb,A0A164L8T1,0.868
A0A1B8SKL4.pdb,A0A1B8SKL4,0.87
A0AAW5S5J5.pdb,A0AAW5S5J5,0.87
A0ABX3TLS6.pdb,A0ABX3TLS6,0.87
A0A7I7Q4Z2.pdb,A0A7I7Q4Z2,0.87
A0ABW1EUK8.pdb,A0ABW1EUK8,0.871
A0A178CV43.pdb,A0A178CV43,0.871
A0A7I7X9S2.pdb,A0A7I7X9S2,0.872
A0A1U3MWT7.pdb,A0A1U3MWT7,0.872
W7J139.pdb,W7J139,0.873
A0A1A2ZG36.pdb,A0A1A2ZG36,0.873
A0A1A3NWI0.pdb,A0A1A3NWI0,0.873
A0A7I7PH49.pdb,A0A7I7PH49,0.874
A0A370HAX8.pdb,A0A370HAX8,0.874
A0A7I9XMW5.pdb,A0A7I9XMW5,0.874
A0A640SD75.pdb,A0A640SD75,0.875
A0A6G9Z0E6.pdb,A0A6G9Z0E6,0.875
A0ABZ1VXB9.pdb,A0ABZ1VXB9,0.875
J9WJ93.pdb,J9WJ93,0.876
A0A2U3PHP0.pdb,A0A2U3PHP0,0.876
A0A9Q7WIY4.pdb,A0A9Q7WIY4,0.876
A0A1X1Z1D7.pdb,A0A1X1Z1D7,0.876
A0A378YSF8.pdb,A0A378YSF8,0.877
A0ABS5RPE8.pdb,A0ABS5RPE8,0.877
A0A1X1VXW9.pdb,A0A1X1VXW9,0.877
A0A1X0DSG2.pdb,A0A1X0DSG2,0.878
A0A829Q1V2.pdb,A0A829Q1V2,0.879
A0A2T2Z8U3.pdb,A0A2T2Z8U3,0.879
A0AB38CZ04.pdb,A0AB38CZ04,0.879
A0A6A0AQ11.pdb,A0A6A0AQ11,0.879
A0AB73U9A3.pdb,A0AB73U9A3,0.879
A0A0B8NM02.pdb,A0A0B8NM02,0.879
A0A6S6NYQ7.pdb,A0A6S6NYQ7,0.881
A0A0U0ZG49.pdb,A0A0U0ZG49,0.881
A0ABT1I9G9.pdb,A0ABT1I9G9,0.882
A0A7I7MPF4.pdb,A0A7I7MPF4,0.882
A0A9X2YRI8.pdb,A0A9X2YRI8,0.882
A0A7I7PIE9.pdb,A0A7I7PIE9,0.882
A0A1E3SLH6.pdb,A0A1E3SLH6,0.883
A0ABY3VE79.pdb,A0ABY3VE79,0.884
A0AAX1J9Y8.pdb,A0AAX1J9Y8,0.884
A0ABU5YW85.pdb,A0ABU5YW85,0.884
A0ABV6XEA6.pdb,A0ABV6XEA6,0.884
A0AAC9YPU9.pdb,A0AAC9YPU9,0.884
A0A516NPD0.pdb,A0A516NPD0,0.885
H8IJH7.pdb,H8IJH7,0.885
A0A7G1KQI6.pdb,A0A7G1KQI6,0.885
A0A1X0KKW9.pdb,A0A1X0KKW9,0.885
A0ABN9NWH6.pdb,A0ABN9NWH6,0.885
V5X749.pdb,V5X749,0.885
A0A1X0K0U7.pdb,A0A1X0K0U7,0.886
A0A7V8RXZ3.pdb,A0A7V8RXZ3,0.886
A0A7T1TD85.pdb,A0A7T1TD85,0.886
A0ABX3RX86.pdb,A0ABX3RX86,0.887
A0ABT1H9N7.pdb,A0ABT1H9N7,0.888
A0A1Q4HPF1.pdb,A0A1Q4HPF1,0.888
A0A1G6PJB6.pdb,A0A1G6PJB6,0.889
A0A1A2UBP1.pdb,A0A1A2UBP1,0.889
A0A5Q5CFF7.pdb,A0A5Q5CFF7,0.89
A0A7R7MY24.pdb,A0A7R7MY24,0.89
A0A0N9YG13.pdb,A0A0N9YG13,0.89
A0ABS1MF83.pdb,A0ABS1MF83,0.89
A0A6G9YM63.pdb,A0A6G9YM63,0.891
A0A1E3RBW0.pdb,A0A1E3RBW0,0.891
A0AB33ACF4.pdb,A0AB33ACF4,0.892
A0A1X1XH13.pdb,A0A1X1XH13,0.892
A0ABX3T954.pdb,A0ABX3T954,0.892
A0A839Q3V9.pdb,A0A839Q3V9,0.892
A0A0H5RL48.pdb,A0A0H5RL48,0.893
I4BIH7.pdb,I4BIH7,0.893
A0A7U5MR51.pdb,A0A7U5MR51,0.893
A0A0M2JYX2.pdb,A0A0M2JYX2,0.893
A0A1E3SN70.pdb,A0A1E3SN70,0.893
A0ABN5YWL7.pdb,A0ABN5YWL7,0.894
A0AAX1JED5.pdb,A0AAX1JED5,0.895
A0ABX2JV81.pdb,A0ABX2JV81,0.895
A0A7X6MIZ0.pdb,A0A7X6MIZ0,0.895
G8RIP0.pdb,G8RIP0,0.895
A0ABW9L5T4.pdb,A0ABW9L5T4,0.896
A0A318HI90.pdb,A0A318HI90,0.896
A0A1E8QAA5.pdb,A0A1E8QAA5,0.896
A0ABT3CFH2.pdb,A0ABT3CFH2,0.896
A0ABS4ZTS0.pdb,A0ABS4ZTS0,0.896
A0ABW6S8I6.pdb,A0ABW6S8I6,0.897
A0A373A3G8.pdb,A0A373A3G8,0.897
A0ABS6KMP2.pdb,A0ABS6KMP2,0.897
A0A1X2AMC4.pdb,A0A1X2AMC4,0.897
A0ABY3TZG2.pdb,A0ABY3TZG2,0.898
A0A498QQD7.pdb,A0A498QQD7,0.898
A0A3S4RS92.pdb,A0A3S4RS92,0.899
A0A1Y5PCF7.pdb,A0A1Y5PCF7,0.899
A0A1Q4H4E6.pdb,A0A1Q4H4E6,0.899
A0A1A2YRQ4.pdb,A0A1A2YRQ4,0.899
A0A1Q9W8K3.pdb,A0A1Q9W8K3,0.9
A0A7I7UBW3.pdb,A0A7I7UBW3,0.9
A0A1Z4EZ40.pdb,A0A1Z4EZ40,0.9
A0A9X3C2T0.pdb,A0A9X3C2T0,0.902
A0A9X2Z2J6.pdb,A0A9X2Z2J6,0.902
A0A2A7NAH8.pdb,A0A2A7NAH8,0.902
A0A0F4ES51.pdb,A0A0F4ES51,0.902
A0ABP8EZM2.pdb,A0ABP8EZM2,0.903
A0A2A7NH78.pdb,A0A2A7NH78,0.903
A0A8H2PI19.pdb,A0A8H2PI19,0.903
A0ABW7X529.pdb,A0ABW7X529,0.903
A0ABR4YVY6.pdb,A0ABR4YVY6,0.903
A0ABU8RZH5.pdb,A0ABU8RZH5,0.904
A0A1E3SKI4.pdb,A0A1E3SKI4,0.904
A0A4R8S8U4.pdb,A0A4R8S8U4,0.904
Q741P9.pdb,Q741P9,0.905
A0A0J6VW20.pdb,A0A0J6VW20,0.905
A0A5Q5BJ80.pdb,A0A5Q5BJ80,0.905
A0ABT3SKC9.pdb,A0ABT3SKC9,0.907
A0A1B9CX42.pdb,A0A1B9CX42,0.907
A0A829MDQ7.pdb,A0A829MDQ7,0.907
A0A829HWH3.pdb,A0A829HWH3,0.907
A0ABW6NT79.pdb,A0ABW6NT79,0.907
A0ABZ1YLN8.pdb,A0ABZ1YLN8,0.907
A0AAD1I0L4.pdb,A0AAD1I0L4,0.907
A0A378T283.pdb,A0A378T283,0.908
A0ABQ3SCS9.pdb,A0ABQ3SCS9,0.909
A0A7I7JNU6.pdb,A0A7I7JNU6,0.909
A0A1X1YHA8.pdb,A0A1X1YHA8,0.909
A0A1X0FZ49.pdb,A0A1X0FZ49,0.909
A0A7V8RXZ7.pdb,A0A7V8RXZ7,0.909
F5YUX6.pdb,F5YUX6,0.909
A0ABX3RCA5.pdb,A0ABX3RCA5,0.91
A0A498PZZ1.pdb,A0A498PZZ1,0.91
A0A544W3Y3.pdb,A0A544W3Y3,0.91
A0A0U0WCI8.pdb,A0A0U0WCI8,0.91
A0A4R1FSR2.pdb,A0A4R1FSR2,0.911
A0ABS5AT52.pdb,A0ABS5AT52,0.911
A0A0U0ZGC0.pdb,A0A0U0ZGC0,0.912
A0ABS2KQI4.pdb,A0ABS2KQI4,0.912
A0A1X1WD57.pdb,A0A1X1WD57,0.912
A0ABY9FP74.pdb,A0ABY9FP74,0.913
A0A1B9CJD7.pdb,A0A1B9CJD7,0.913
A0A4R8T0X1.pdb,A0A4R8T0X1,0.913
A0A9X2E4R0.pdb,A0A9X2E4R0,0.913
A0A291RHE0.pdb,A0A291RHE0,0.913
A0A4Z0LXD8.pdb,A0A4Z0LXD8,0.914
A0A853M2B7.pdb,A0A853M2B7,0.915
A0A329KUN3.pdb,A0A329KUN3,0.915
A0A1A2SGC1.pdb,A0A1A2SGC1,0.916
A0ABX3SQI7.pdb,A0ABX3SQI7,0.916
A0A1X0BWL6.pdb,A0A1X0BWL6,0.918
A0A0H3MU55.pdb,A0A0H3MU55,0.918
A0A132PS78.pdb,A0A132PS78,0.918
A0A179V396.pdb,A0A179V396,0.919
A0A653FAQ0.pdb,A0A653FAQ0,0.919
A0A1X0ED97.pdb,A0A1X0ED97,0.919
J5E0P6.pdb,J5E0P6,0.92
A0A829MIB4.pdb,A0A829MIB4,0.92
A0ABX7RQ37.pdb,A0ABX7RQ37,0.921
A0A1T3NUL4.pdb,A0A1T3NUL4,0.921
A0ABT8UIQ8.pdb,A0ABT8UIQ8,0.922
A0A2G5PN19.pdb,A0A2G5PN19,0.922
A0A1X0I7R5.pdb,A0A1X0I7R5,0.922
A0A1X1RMT2.pdb,A0A1X1RMT2,0.922
A0ABW7VTR0.pdb,A0ABW7VTR0,0.922
A0A917RUF6.pdb,A0A917RUF6,0.922
A0A7I7ZRH7.pdb,A0A7I7ZRH7,0.922
A0A0F5NA60.pdb,A0A0F5NA60,0.923
A0A0K0X557.pdb,A0A0K0X557,0.923
A0A8E2LPD0.pdb,A0A8E2LPD0,0.924
A0A7I7SCY4.pdb,A0A7I7SCY4,0.924
A0ABY6RGT5.pdb,A0ABY6RGT5,0.924
A0A1X0Y567.pdb,A0A1X0Y567,0.924
A0ABN1T3W5.pdb,A0ABN1T3W5,0.925
A0A4R8S6S5.pdb,A0A4R8S6S5,0.925
A0A0M2WG04.pdb,A0A0M2WG04,0.925
A0A1V2I487.pdb,A0A1V2I487,0.925
A0A1A3GZZ6.pdb,A0A1A3GZZ6,0.925
A0AAJ3TVZ5.pdb,A0AAJ3TVZ5,0.926
A0A9Q7SE40.pdb,A0A9Q7SE40,0.926
A0A7I7XP41.pdb,A0A7I7XP41,0.926
A0A2U3NPT1.pdb,A0A2U3NPT1,0.927
A0ABU1J6J1.pdb,A0ABU1J6J1,0.928
A0AAD1HCQ5.pdb,A0AAD1HCQ5,0.928
A0A1X2KZQ2.pdb,A0A1X2KZQ2,0.929
A0A7I7KQ88.pdb,A0A7I7KQ88,0.929
A0ABS1N1S8.pdb,A0ABS1N1S8,0.93
A0A557XZJ5.pdb,A0A557XZJ5,0.93
A0ABU2TUM7.pdb,A0ABU2TUM7,0.931
A0A7I9Y2B3.pdb,A0A7I9Y2B3,0.932
A0ABW9FXS8.pdb,A0ABW9FXS8,0.932
A0ABY8W257.pdb,A0ABY8W257,0.932
A0ABW6S9K2.pdb,A0ABW6S9K2,0.933
A0A7W9PLQ8.pdb,A0A7W9PLQ8,0.933
A0A172UHW8.pdb,A0A172UHW8,0.934
A0A1X0AZ01.pdb,A0A1X0AZ01,0.934
A0A100WJQ5.pdb,A0A100WJQ5,0.934
A0ABW6TDD8.pdb,A0ABW6TDD8,0.935
A0A2S8BGN3.pdb,A0A2S8BGN3,0.935
A0A0B1ZH49.pdb,A0A0B1ZH49,0.935
A0ABN5YVZ6.pdb,A0ABN5YVZ6,0.935
A0A9X7ILG2.pdb,A0A9X7ILG2,0.936
A0A6G9Z2E5.pdb,A0A6G9Z2E5,0.936
A0AB38CYE9.pdb,A0AB38CYE9,0.937
O69484.pdb,O69484,0.937
A0A0E4GX90.pdb,A0A0E4GX90,0.938
A0A0D1L7Y1.pdb,A0A0D1L7Y1,0.938
A0ABY3UXN4.pdb,A0ABY3UXN4,0.938
D5PI48.pdb,D5PI48,0.938
A0ABU7WS67.pdb,A0ABU7WS67,0.938
H8IU56.pdb,H8IU56,0.939
A0A7I7QP46.pdb,A0A7I7QP46,0.939
A0AAD1IMP5.pdb,A0AAD1IMP5,0.939
A0A7U5RWM8.pdb,A0A7U5RWM8,0.939
A0A1A0VBY7.pdb,A0A1A0VBY7,0.94
A0ABY3V8K0.pdb,A0ABY3V8K0,0.943
A0A1W9ZSJ9.pdb,A0A1W9ZSJ9,0.943
A0A024JSK2.pdb,A0A024JSK2,0.943
A0A7K1VB93.pdb,A0A7K1VB93,0.944
A0A919J5R3.pdb,A0A919J5R3,0.945
B1VMZ4.pdb,B1VMZ4,0.945
A0A829PS58.pdb,A0A829PS58,0.945
A0A6I3L2J0.pdb,A0A6I3L2J0,0.945
A0A329M492.pdb,A0A329M492,0.946
A0A286MPQ6.pdb,A0A286MPQ6,0.946
A0A143QSN8.pdb,A0A143QSN8,0.946
A0A1Z4EZ73.pdb,A0A1Z4EZ73,0.947
A0A2N3VL42.pdb,A0A2N3VL42,0.948
A0A1X0I595.pdb,A0A1X0I595,0.948
A0A7I7WCE0.pdb,A0A7I7WCE0,0.949
A0A939FJS2.pdb,A0A939FJS2,0.95
A0A7I9ZRY4.pdb,A0A7I9ZRY4,0.95
A0A1A2NZX0.pdb,A0A1A2NZX0,0.951
A0A927EY10.pdb,A0A927EY10,0.951
A0A1X1YTK3.pdb,A0A1X1YTK3,0.951
X0Q040.pdb,X0Q040,0.951
A0ACD2EK82.pdb,A0ACD2EK82,0.951
A0A179V451.pdb,A0A179V451,0.952
A0ABX6HJR3.pdb,A0ABX6HJR3,0.952
A0ABV1XJ74.pdb,A0ABV1XJ74,0.952
A0AAX1JCS8.pdb,A0AAX1JCS8,0.954
A0ABT6CN04.pdb,A0ABT6CN04,0.954
A0A447GD36.pdb,A0A447GD36,0.955
A0AB33ACN0.pdb,A0AB33ACN0,0.956
A0AAE6TQG2.pdb,A0AAE6TQG2,0.956
A0ABW6RDE0.pdb,A0ABW6RDE0,0.957
A0A401YST3.pdb,A0A401YST3,0.957
A0AA91M3B5.pdb,A0AA91M3B5,0.957
A0A4R5WK74.pdb,A0A4R5WK74,0.957
A0A401VU81.pdb,A0A401VU81,0.958
A0A8J4A7U7.pdb,A0A8J4A7U7,0.958
A0A1A2VM45.pdb,A0A1A2VM45,0.959
A0A1X0XWA4.pdb,A0A1X0XWA4,0.959
A0ABX3BV79.pdb,A0ABX3BV79,0.96
A0A4Q7KNW3.pdb,A0A4Q7KNW3,0.961
A0A163Z098.pdb,A0A163Z098,0.962
A0A7I9YZ18.pdb,A0A7I9YZ18,0.962
A0A2K4Y436.pdb,A0A2K4Y436,0.963
A0A7I7YUU0.pdb,A0A7I7YUU0,0.963
K0VFF7.pdb,K0VFF7,0.964
A0A1S1M9C0.pdb,A0A1S1M9C0,0.964
A0A1S1LF81.pdb,A0A1S1LF81,0.964
A0ABY3USZ0.pdb,A0ABY3USZ0,0.965
A0ABX3BV59.pdb,A0ABX3BV59,0.966
A0A1X1ZAJ3.pdb,A0A1X1ZAJ3,0.966
A0A1X1V443.pdb,A0A1X1V443,0.967
A0A9Y2N0A1.pdb,A0A9Y2N0A1,0.967
A0A1X1U6G3.pdb,A0A1X1U6G3,0.968
A0A3S3ZSH2.pdb,A0A3S3ZSH2,0.968
A0A1X1TXE9.pdb,A0A1X1TXE9,0.968
A0A1W9ZU79.pdb,A0A1W9ZU79,0.968
A0A2A3LDA8.pdb,A0A2A3LDA8,0.969
A0A0H2ZUI5.pdb,A0A0H2ZUI5,0.969
A0ABX3VJI1.pdb,A0ABX3VJI1,0.969
A0A1X0DT32.pdb,A0A1X0DT32,0.97
A0ABT6PWS8.pdb,A0ABT6PWS8,0.97
A0A1A3U7T4.pdb,A0A1A3U7T4,0.97
A0A7G8PBZ5.pdb,A0A7G8PBZ5,0.971
A0ABT4PYE8.pdb,A0ABT4PYE8,0.972
A0ABZ1HYA1.pdb,A0ABZ1HYA1,0.974
A0AA91EXD2.pdb,A0AA91EXD2,0.975
A0AB73MHS4.pdb,A0AB73MHS4,0.975
A0AB73U621.pdb,A0AB73U621,0.975
A0A1A0VEQ6.pdb,A0A1A0VEQ6,0.976
A0A543EXG0.pdb,A0A543EXG0,0.976
A0ABY2G9V5.pdb,A0ABY2G9V5,0.976
L7V833.pdb,L7V833,0.977
A0A010YLP6.pdb,A0A010YLP6,0.978
A0A9X2E3I2.pdb,A0A9X2E3I2,0.979
A0A1Q4HNQ9.pdb,A0A1Q4HNQ9,0.98
A0ABN5ZWQ7.pdb,A0ABN5ZWQ7,0.98
A0ABW0AKB8.pdb,A0ABW0AKB8,0.98
A0A561TWL9.pdb,A0A561TWL9,0.98
A0A329KGE0.pdb,A0A329KGE0,0.981
A0A7I7P449.pdb,A0A7I7P449,0.981
A0A829QF13.pdb,A0A829QF13,0.982
A0AB38USB2.pdb,A0AB38USB2,0.982
A0A1X2DIF1.pdb,A0A1X2DIF1,0.984
A0A317N4Q8.pdb,A0A317N4Q8,0.985
A0A544W0X3.pdb,A0A544W0X3,0.985
A0A4R8S7U6.pdb,A0A4R8S7U6,0.986
A0A498PZU2.pdb,A0A498PZU2,0.986
A0ABQ2KKB0.pdb,A0ABQ2KKB0,0.986
A0A386ZPG1.pdb,A0A386ZPG1,0.986
A0A0E4CLA0.pdb,A0A0E4CLA0,0.986
A0A285LZS8.pdb,A0A285LZS8,0.986
A0ABV3F2R5.pdb,A0ABV3F2R5,0.986
A0ABU6ARK2.pdb,A0ABU6ARK2,0.987
A0A829PY25.pdb,A0A829PY25,0.987
A0A0I9Z3I8.pdb,A0A0I9Z3I8,0.988
A0A5B1BH70.pdb,A0A5B1BH70,0.988
A0A7I7LJC3.pdb,A0A7I7LJC3,0.989
A0ABS4QNX2.pdb,A0ABS4QNX2,0.989
A0A7U9Q384.pdb,A0A7U9Q384,0.99
A0A1D7VWY6.pdb,A0A1D7VWY6,0.99
A0ABY9HWL0.pdb,A0ABY9HWL0,0.991
A0ABV4C2Z2.pdb,A0ABV4C2Z2,0.992
A0A1X1U567.pdb,A0A1X1U567,0.992
A0ACD1FAN4.pdb,A0ACD1FAN4,0.992
A0A1S1KYS6.pdb,A0A1S1KYS6,0.992
A0A6S6P6D8.pdb,A0A6S6P6D8,0.992
A0A1A3TXF6.pdb,A0A1A3TXF6,0.993
X8DPU6.pdb,X8DPU6,0.994
A0ABY4QIH6.pdb,A0ABY4QIH6,0.994
A0A0Q2M080.pdb,A0A0Q2M080,0.995
A0ABV2XGH3.pdb,A0ABV2XGH3,0.995
A0A9X2E3D3.pdb,A0A9X2E3D3,0.995
A0A1W9ZN90.pdb,A0A1W9ZN90,0.996
A0A7Z0IKF1.pdb,A0A7Z0IKF1,0.996
A0A1Y2NRV5.pdb,A0A1Y2NRV5,0.996
A0A1V3WG34.pdb,A0A1V3WG34,0.996
A0ABU4BCL6.pdb,A0ABU4BCL6,0.997
A0A0B1ZIQ0.pdb,A0A0B1ZIQ0,0.997
A0A4R8SET2.pdb,A0A4R8SET2,0.997
A0A1A0MX32.pdb,A0A1A0MX32,0.999
A0A7K0DM07.pdb,A0A7K0DM07,0.999
A0A1A3H185.pdb,A0A1A3H185,0.999
A0ABW6PLC4.pdb,A0ABW6PLC4,1.001
A0A1A2SD60.pdb,A0A1A2SD60,1.002
A0PPD8.pdb,A0PPD8,1.003
A0A1A3KPW7.pdb,A0A1A3KPW7,1.003
A0ABV9EQP6.pdb,A0ABV9EQP6,1.003
D6Z860.pdb,D6Z860,1.003
A0A1E8Q6I1.pdb,A0A1E8Q6I1,1.004
A0A4Z0HSE6.pdb,A0A4Z0HSE6,1.004
A0A927MND6.pdb,A0A927MND6,1.005
A0A6J5A950.pdb,A0A6J5A950,1.006
A0ABM7SN96.pdb,A0ABM7SN96,1.007
A0A1I0U7E5.pdb,A0A1I0U7E5,1.008
A0A1X0AYB7.pdb,A0A1X0AYB7,1.008
A0A1S1LPM2.pdb,A0A1S1LPM2,1.008
A0A7X6M5C6.pdb,A0A7X6M5C6,1.008
A0ABS6KMF6.pdb,A0ABS6KMF6,1.008
A0A0H5BB76.pdb,A0A0H5BB76,1.009
A0ABT2MBH6.pdb,A0ABT2MBH6,1.009
A0AAE4UD82.pdb,A0AAE4UD82,1.009
A0A4R7IZC0.pdb,A0A4R7IZC0,1.01
A0A1A3N5H1.pdb,A0A1A3N5H1,1.01
E3J9G9.pdb,E3J9G9,1.011
A0ABT3CH10.pdb,A0ABT3CH10,1.011
A0A5C7XWH5.pdb,A0A5C7XWH5,1.011
A0A164L8S1.pdb,A0A164L8S1,1.012
A0ABS7P1E6.pdb,A0ABS7P1E6,1.012
H8ITF4.pdb,H8ITF4,1.014
A0A1Z4EBS9.pdb,A0A1Z4EBS9,1.014
A0AA37PNY0.pdb,A0AA37PNY0,1.014
A0A1D8GAR9.pdb,A0A1D8GAR9,1.014
A0A0U1D4T9.pdb,A0A0U1D4T9,1.015
A0A1V2IEY4.pdb,A0A1V2IEY4,1.015
A0A853LXB5.pdb,A0A853LXB5,1.015
A0A4Q9HZT3.pdb,A0A4Q9HZT3,1.016
A0A7I7YXB1.pdb,A0A7I7YXB1,1.017
L7V8G3.pdb,L7V8G3,1.017
X8A9W7.pdb,X8A9W7,1.018
A0A421AW77.pdb,A0A421AW77,1.018
A0ABM7JWD3.pdb,A0ABM7JWD3,1.02
A0A291RHD9.pdb,A0A291RHD9,1.02
A0A1S1M3C1.pdb,A0A1S1M3C1,1.022
A0A0U0ZPX5.pdb,A0A0U0ZPX5,1.022
A0ABT0DZ76.pdb,A0ABT0DZ76,1.023
A0A7V8LNU0.pdb,A0A7V8LNU0,1.024
A0A1E3S0K4.pdb,A0A1E3S0K4,1.025
A0ABT5G3U5.pdb,A0ABT5G3U5,1.026
A0A179VA95.pdb,A0A179VA95,1.026
A0A1E5P3C7.pdb,A0A1E5P3C7,1.026
A0A318JYA7.pdb,A0A318JYA7,1.026
A0A927JBF8.pdb,A0A927JBF8,1.027
U5ELY0.pdb,U5ELY0,1.028
A0A3E1HFK0.pdb,A0A3E1HFK0,1.028
A0ABN6U5V0.pdb,A0ABN6U5V0,1.028
A0ABT6MJ18.pdb,A0ABT6MJ18,1.029
W5WC87.pdb,W5WC87,1.029
A0ABN6AMT8.pdb,A0ABN6AMT8,1.03
A0A7U5RXC1.pdb,A0A7U5RXC1,1.03
A0ABR4ZEC0.pdb,A0ABR4ZEC0,1.031
A0ABW7R617.pdb,A0ABW7R617,1.032
A0A6G9YNU3.pdb,A0A6G9YNU3,1.032
A0ABU4B4H7.pdb,A0ABU4B4H7,1.033
J9WML3.pdb,J9WML3,1.033
A0ABX8CHF2.pdb,A0ABX8CHF2,1.033
J7U6E9.pdb,J7U6E9,1.033
K0EY54.pdb,K0EY54,1.035
A0ABU4D5Q4.pdb,A0ABU4D5Q4,1.035
A0A502EC16.pdb,A0A502EC16,1.036
A0A7I9ZCH7.pdb,A0A7I9ZCH7,1.036
A0ABU2T218.pdb,A0ABU2T218,1.038
A0A1B4Y4X4.pdb,A0A1B4Y4X4,1.038
H6R914.pdb,H6R914,1.04
A0A1A2Z8H6.pdb,A0A1A2Z8H6,1.04
A0ABU9CVT7.pdb,A0ABU9CVT7,1.04
A0A6G9Z057.pdb,A0A6G9Z057,1.041
A0ABD7HN08.pdb,A0ABD7HN08,1.041
A0ABM7SIW3.pdb,A0ABM7SIW3,1.041
A0A318JQK2.pdb,A0A318JQK2,1.042
A0A7I9ZAR1.pdb,A0A7I9ZAR1,1.043
A0A1T5FEL0.pdb,A0A1T5FEL0,1.043
A0A3Q9KMK0.pdb,A0A3Q9KMK0,1.046
A0AB73LE91.pdb,A0AB73LE91,1.046
A0AB73U2P7.pdb,A0AB73U2P7,1.046
A0A438ATK5.pdb,A0A438ATK5,1.048
A0A3E2MQN5.pdb,A0A3E2MQN5,1.051
A0ABX3C6K0.pdb,A0ABX3C6K0,1.051
A0A975JWU9.pdb,A0A975JWU9,1.051
A0A9X8QZ54.pdb,A0A9X8QZ54,1.051
A0AAD1I1H5.pdb,A0AAD1I1H5,1.051
A0ABT4MHH0.pdb,A0ABT4MHH0,1.053
A0A1X1TAZ5.pdb,A0A1X1TAZ5,1.054
B2HN69.pdb,B2HN69,1.054
A0A1A3N7A1.pdb,A0A1A3N7A1,1.054
A0A1A2EVY2.pdb,A0A1A2EVY2,1.054
A0ABT1GWJ1.pdb,A0ABT1GWJ1,1.054
A0A4V3HUY3.pdb,A0A4V3HUY3,1.055
A0A051UFG9.pdb,A0A051UFG9,1.056
A0A5R8PAY8.pdb,A0A5R8PAY8,1.056
A0ABW1JN02.pdb,A0ABW1JN02,1.056
A0AB33ADN5.pdb,A0AB33ADN5,1.056
A0A0D1LMF4.pdb,A0A0D1LMF4,1.057
A0A829HTG5.pdb,A0A829HTG5,1.057
A0A2U9PXP1.pdb,A0A2U9PXP1,1.059
A0A1Z4F080.pdb,A0A1Z4F080,1.06
A0A846XYC4.pdb,A0A846XYC4,1.062
A0ABZ1N1W0.pdb,A0ABZ1N1W0,1.063
A0A378TAR8.pdb,A0A378TAR8,1.063
A0A1A2STK0.pdb,A0A1A2STK0,1.065
A0A511M4D4.pdb,A0A511M4D4,1.065
A0A7I7QL20.pdb,A0A7I7QL20,1.065
A0A7I7VZ71.pdb,A0A7I7VZ71,1.066
A0A4R8S1L2.pdb,A0A4R8S1L2,1.066
I7GER2.pdb,I7GER2,1.067
A0A1X0J866.pdb,A0A1X0J866,1.068
A0AB33TD28.pdb,A0AB33TD28,1.068
A0A9N7QNJ2.pdb,A0A9N7QNJ2,1.068
A0ABP8RAE2.pdb,A0ABP8RAE2,1.068
A0A1H7CJ42.pdb,A0A1H7CJ42,1.069
A0ABZ2PCG2.pdb,A0ABZ2PCG2,1.069
A0A426SF14.pdb,A0A426SF14,1.069
A0A1X2DPB1.pdb,A0A1X2DPB1,1.07
A0A7W8BW88.pdb,A0A7W8BW88,1.07
A0A846MH08.pdb,A0A846MH08,1.071
A0A1S1LZ61.pdb,A0A1S1LZ61,1.072
A0A2K4YB08.pdb,A0A2K4YB08,1.072
A0ABN5YF31.pdb,A0ABN5YF31,1.074
A0A4R1FWD7.pdb,A0A4R1FWD7,1.074
A0A829Q102.pdb,A0A829Q102,1.075
A0A829PSZ5.pdb,A0A829PSZ5,1.075
A0AB74F9U6.pdb,A0AB74F9U6,1.075
A0A7I7X9D1.pdb,A0A7I7X9D1,1.076
A0ABW7WFK0.pdb,A0ABW7WFK0,1.076
A0A7G8PH04.pdb,A0A7G8PH04,1.077
A0A5J4LNN8.pdb,A0A5J4LNN8,1.077
A0ABS6B8N5.pdb,A0ABS6B8N5,1.077
A0A7X6R1D2.pdb,A0A7X6R1D2,1.078
A0A9Q7WGW0.pdb,A0A9Q7WGW0,1.078
A0A1Y0C436.pdb,A0A1Y0C436,1.078
A0A5J5JW77.pdb,A0A5J5JW77,1.078
A0ABW9HJC1.pdb,A0ABW9HJC1,1.078
A0A0L0JTI1.pdb,A0A0L0JTI1,1.079
A0A1G6K7R0.pdb,A0A1G6K7R0,1.079
A0A6N4VDZ9.pdb,A0A6N4VDZ9,1.08
A0A1A2YYV5.pdb,A0A1A2YYV5,1.08
A0AAP6BDL8.pdb,A0AAP6BDL8,1.08
A0AAI8U017.pdb,A0AAI8U017,1.081
A0A1A2P0A6.pdb,A0A1A2P0A6,1.082
A0A1J0VT15.pdb,A0A1J0VT15,1.082
A0A2A9FBQ2.pdb,A0A2A9FBQ2,1.082
E5XUS9.pdb,E5XUS9,1.084
L7KHK1.pdb,L7KHK1,1.084
A0ABW6S9H6.pdb,A0ABW6S9H6,1.085
A0A653FCI4.pdb,A0A653FCI4,1.085
A0ABP7F641.pdb,A0ABP7F641,1.086
A0A1A2YVQ7.pdb,A0A1A2YVQ7,1.087
A0A3M2LDY9.pdb,A0A3M2LDY9,1.089
A0A1T5FV39.pdb,A0A1T5FV39,1.089
A0A1X0D333.pdb,A0A1X0D333,1.09
A0ABN0UZZ3.pdb,A0ABN0UZZ3,1.09
A0ACD2ERW5.pdb,A0ACD2ERW5,1.09
A0A542DCL6.pdb,A0A542DCL6,1.09
A0ABQ4FMS5.pdb,A0ABQ4FMS5,1.09
A0ABS7NQE0.pdb,A0ABS7NQE0,1.091
A0ABU2UT33.pdb,A0ABU2UT33,1.093
A0A1T7HTT5.pdb,A0A1T7HTT5,1.093
A0A124DZH3.pdb,A0A124DZH3,1.093
X8DWH6.pdb,X8DWH6,1.093
A0A2N8P9Q2.pdb,A0A2N8P9Q2,1.094
A0A1A3BEU1.pdb,A0A1A3BEU1,1.094
A0A4R5PF75.pdb,A0A4R5PF75,1.095
A0ABW2P8T1.pdb,A0ABW2P8T1,1.096
A0A1G4V447.pdb,A0A1G4V447,1.097
A0A917FVC2.pdb,A0A917FVC2,1.098
W9B0J1.pdb,W9B0J1,1.099
A0A8J3FU84.pdb,A0A8J3FU84,1.1
A0ABY4M3X2.pdb,A0ABY4M3X2,1.101
A0A100WL29.pdb,A0A100WL29,1.101
A0ABX8REM5.pdb,A0ABX8REM5,1.101
D5PAD3.pdb,D5PAD3,1.102
A0A117I9Z0.pdb,A0A117I9Z0,1.103
A0A9Y2IBK6.pdb,A0A9Y2IBK6,1.104
A0ABS6B561.pdb,A0ABS6B561,1.105
A0AA94UBA0.pdb,A0AA94UBA0,1.105
A0A640UJM0.pdb,A0A640UJM0,1.107
A0ABZ1F9Z2.pdb,A0ABZ1F9Z2,1.107
A0A370I008.pdb,A0A370I008,1.108
A0A6P1D575.pdb,A0A6P1D575,1.108
A0ABX8QPS0.pdb,A0ABX8QPS0,1.109
A0ABS7R0Q3.pdb,A0ABS7R0Q3,1.109
A0A849CGR7.pdb,A0A849CGR7,1.111
A0A7X5TUU1.pdb,A0A7X5TUU1,1.112
A0A1X0A2U5.pdb,A0A1X0A2U5,1.112
A0A937RSP3.pdb,A0A937RSP3,1.112
A0A5N0UWA7.pdb,A0A5N0UWA7,1.112
A0A7I9WQZ1.pdb,A0A7I9WQZ1,1.113
A0A7I7RRZ6.pdb,A0A7I7RRZ6,1.114
A0ABN2Q9Z6.pdb,A0ABN2Q9Z6,1.115
A0ABN3KZK6.pdb,A0ABN3KZK6,1.115
A0A3A4K4S5.pdb,A0A3A4K4S5,1.117
A0A6G3SLA6.pdb,A0A6G3SLA6,1.117
A0A1X1SSG1.pdb,A0A1X1SSG1,1.117
A0A6G4AHJ1.pdb,A0A6G4AHJ1,1.118
A0A449GAD2.pdb,A0A449GAD2,1.119
A0AAJ1W4G5.pdb,A0AAJ1W4G5,1.12
A0A6P1CTQ2.pdb,A0A6P1CTQ2,1.121
A0ABZ1YUC5.pdb,A0ABZ1YUC5,1.121
A0A370I000.pdb,A0A370I000,1.122
E5XP76.pdb,E5XP76,1.123
A0A0H5RMP7.pdb,A0A0H5RMP7,1.124
A0A5R8NPV3.pdb,A0A5R8NPV3,1.126
A0ABV8VFU1.pdb,A0ABV8VFU1,1.126
A0A542XQI9.pdb,A0A542XQI9,1.128
A0A6N4W3I8.pdb,A0A6N4W3I8,1.13
A0ABN6IL17.pdb,A0ABN6IL17,1.13
A0A0L0JLL3.pdb,A0A0L0JLL3,1.133
A0A2U3P697.pdb,A0A2U3P697,1.135
A0A848KDK6.pdb,A0A848KDK6,1.136
A0ABQ1CET0.pdb,A0ABQ1CET0,1.136
A0A1W9Z9K2.pdb,A0A1W9Z9K2,1.139
A0ABT3S7W5.pdb,A0ABT3S7W5,1.139
A8M8D3.pdb,A8M8D3,1.14
A0A7I9Z5A6.pdb,A0A7I9Z5A6,1.141
A0A1H8UHI3.pdb,A0A1H8UHI3,1.142
A0A1X1RGM6.pdb,A0A1X1RGM6,1.143
W9AKH0.pdb,W9AKH0,1.144
A0A1S1NIB3.pdb,A0A1S1NIB3,1.144
A0A7W9NKR9.pdb,A0A7W9NKR9,1.145
A0ACC6MKA3.pdb,A0ACC6MKA3,1.147
A0A1A2SQA4.pdb,A0A1A2SQA4,1.148
A0ABQ3MHH6.pdb,A0ABQ3MHH6,1.148
A0ABP9K210.pdb,A0ABP9K210,1.153
A0A318K9K9.pdb,A0A318K9K9,1.154
A0ABX4V4X1.pdb,A0ABX4V4X1,1.154
A0AA37PJQ2.pdb,A0AA37PJQ2,1.156
A0A4U8W070.pdb,A0A4U8W070,1.16
A0A401YDY7.pdb,A0A401YDY7,1.162
A0A4Z0HM23.pdb,A0A4Z0HM23,1.163
A0ABP6W264.pdb,A0ABP6W264,1.164
A0A7K3R588.pdb,A0A7K3R588,1.165
A0A2G5PCS5.pdb,A0A2G5PCS5,1.169
A0A117I9B3.pdb,A0A117I9B3,1.171
A0AA37PJ36.pdb,A0AA37PJ36,1.171
A0A345I2A9.pdb,A0A345I2A9,1.172
A0AAX1JEG7.pdb,A0AAX1JEG7,1.176
A0AAX3A495.pdb,A0AAX3A495,1.178
A0A7H1Q5K4.pdb,A0A7H1Q5K4,1.178
A0A1T3NLC9.pdb,A0A1T3NLC9,1.18
H5U1W4.pdb,H5U1W4,1.18
A0A1G7L4S3.pdb,A0A1G7L4S3,1.181
A0A1A0VZR1.pdb,A0A1A0VZR1,1.184
A0A840Q103.pdb,A0A840Q103,1.192
A0A7D6ZHA2.pdb,A0A7D6ZHA2,1.192
A0ABY9WDG4.pdb,A0ABY9WDG4,1.194
A0A1X1TX55.pdb,A0A1X1TX55,1.194
A0AAC9VV50.pdb,A0AAC9VV50,1.194
A0A853LX37.pdb,A0A853LX37,1.198
A0A1X0XYW4.pdb,A0A1X0XYW4,1.199
A0A1X1ZUN6.pdb,A0A1X1ZUN6,1.2
A0A1I6TMF1.pdb,A0A1I6TMF1,1.203
A0A1S1L5R7.pdb,A0A1S1L5R7,1.203
A0ABW6R4U0.pdb,A0ABW6R4U0,1.207
A0A6G9XT36.pdb,A0A6G9XT36,1.21
D6ZDT1.pdb,D6ZDT1,1.211
A0ABM7J8Q1.pdb,A0ABM7J8Q1,1.212
A0A0H5NNV9.pdb,A0A0H5NNV9,1.213
A0A7H0I6F1.pdb,A0A7H0I6F1,1.218
A0ABY3UYZ5.pdb,A0ABY3UYZ5,1.22
A0A5N0EJT8.pdb,A0A5N0EJT8,1.221
A0ABS8Z8Y9.pdb,A0ABS8Z8Y9,1.223
A0ABS6HLI0.pdb,A0ABS6HLI0,1.224
A0A1A2Z2J8.pdb,A0A1A2Z2J8,1.225
V5XIA1.pdb,V5XIA1,1.229
A0A1Y5Y6P3.pdb,A0A1Y5Y6P3,1.23
A0ABY7PX64.pdb,A0ABY7PX64,1.243
A0A7I7S1X3.pdb,A0A7I7S1X3,1.245
A0ABX0CLH8.pdb,A0ABX0CLH8,1.248
Q5YY80.pdb,Q5YY80,1.248
A0A4R6P566.pdb,A0A4R6P566,1.249
A0ABN1UVC2.pdb,A0ABN1UVC2,1.25
A0ABV3VAG8.pdb,A0ABV3VAG8,1.252
I7C367.pdb,I7C367,1.253
A0ABR6BBF3.pdb,A0ABR6BBF3,1.254
A0A291RWF7.pdb,A0A291RWF7,1.256
A0ABW6RV11.pdb,A0ABW6RV11,1.258
A0A846VZQ1.pdb,A0A846VZQ1,1.26
A0ABR5ICW2.pdb,A0ABR5ICW2,1.27
A0A7W6BWA9.pdb,A0A7W6BWA9,1.272
A0A024JZE3.pdb,A0A024JZE3,1.275
A0A024JZE8.pdb,A0A024JZE8,1.291
A0A934NT38.pdb,A0A934NT38,1.295
A0ABU7WS89.pdb,A0ABU7WS89,1.3
A0A1Y0C5T9.pdb,A0A1Y0C5T9,1.301
A0AAU4K3W1.pdb,A0AAU4K3W1,1.307
Q6RKB1.pdb,Q6RKB1,1.312
A0ABV6MMA8.pdb,A0ABV6MMA8,1.318
A0A0U1Z2H3.pdb,A0A0U1Z2H3,1.332
A0A7W7VZ67.pdb,A0A7W7VZ67,1.34
A0A6G9ZF28.pdb,A0A6G9ZF28,1.352
A0A1E3SV84.pdb,A0A1E3SV84,1.378
A0A2K4YB80.pdb,A0A2K4YB80,1.387
A0ABX8REJ1.pdb,A0ABX8REJ1,1.419
