entry,nac_fraction_holo,nac_holo_idxs,n_confident_holo,prmsd_mean,prmsd_std,nac_fraction_apo,nac_apo_idxs,n_confident_apo
A0A010YLP6,0.4375,1;3;4;5;8;10;11;13;14;16;18;20;30;32;34;35;37;38;39;40;41,48,2.5989089715480804,1.1713203364642457,0.32,3;4;5;7;8;10;12;16;18;19;27;31;45;46;49;50;55;56;58;59;62;67;69;71;74;75;76;78;89;93;96;99,100
A0A024JZE3,0.044444444444444446,11;20,45,2.3923417580127717,1.1999054057875485,0.22,8;11;15;27;34;36;44;51;56;59;61;63;67;68;73;82;86;88;89;92;94;98,100
A0A024JZE8,0.26666666666666666,1;5;8;10;11;15;27;28;30;37;39;41,45,2.637136089801788,1.484345130833279,0.16,5;8;10;21;54;57;59;63;64;70;83;84;86;88;90;96,100
A0A045K2P5,0.21153846153846154,5;6;13;16;18;20;23;28;30;38;40,52,2.2986247408390046,1.1930629571786449,0.24,7;13;17;19;21;25;34;37;40;41;42;47;54;64;78;86;87;88;89;90;91;97;99;100,100
A0A051U3G5,0.16129032258064516,2;6;12;22;23,31,2.989460026025772,1.1237848413052702,0.26,4;10;19;21;28;39;41;42;43;51;54;69;70;73;74;75;76;77;80;82;86;88;90;91;94;99,100
A0A064CG00,0.6470588235294118,2;3;4;5;7;8;11;12;13;14;15;16;17;18;20;21;23;25;28;29;30;33,34,2.966543301343918,1.3204827784117485,0.68,1;2;3;6;8;9;10;11;12;13;14;15;18;19;21;22;23;24;26;27;28;29;31;32;34;35;36;37;38;39;40;41;42;43;44;46;47;48;49;52;53;55;59;60;61;63;66;67;72;74;75;76;77;78;79;83;84;85;87;90;91;93;94;95;97;98;99;100,100
A0A0B8NM02,0.3333333333333333,5;6;8;10;12;16;17;18;20;21;23;33;35;39,42,2.655516268014908,1.1321808923729693,0.26,3;4;7;18;26;30;32;35;37;42;47;48;49;50;51;58;68;69;74;75;79;85;89;92;98;99,100
A0A0D1L7Y1,0.3870967741935484,2;3;4;5;6;8;11;13;15;23;28;30,31,2.961380043029785,1.2405891763618473,0.31,3;4;6;8;13;18;19;21;28;29;33;40;42;52;53;56;57;58;59;60;65;68;74;79;83;86;88;89;91;98;100,100
A0A0D1LMF4,0.09090909090909091,11;23;28;47;49,55,2.451004250049591,1.2927220683459577,0.04,14;15;16;25,100
A0A0E4GX90,0.1891891891891892,9;22;26;27;32;34;37,37,2.7954652059078215,1.0598750600701685,0.05,5;31;49;91;97,100
A0A0F4ES51,0.3333333333333333,2;4;8;9;16;17;27;28;30;34;35;38;39;40,42,2.5504933226108553,1.0804826511971923,0.84,1;2;3;4;5;6;7;9;10;11;12;13;15;16;17;18;19;20;21;22;23;24;25;26;27;28;29;31;32;33;34;35;36;37;40;41;42;43;44;45;46;48;50;52;53;54;55;56;57;58;59;60;61;62;63;64;65;66;67;68;69;70;71;72;73;74;75;76;77;78;80;81;82;83;84;86;87;90;92;93;95;98;99;100,100
A0A0F5MSZ2,0.06896551724137931,6;20;36;50,58,2.1355620861053466,1.1349711911310616,0.02,41;46,100
A0A0F5NA60,0.5714285714285714,4;6;8;10;12;13;14;15;17;18;19;20;21;22;23;24;25;26;29;30;31;33;37;39,42,2.5587048923969267,1.2009246822997526,0.73,1;2;3;4;5;6;7;9;11;12;13;15;16;18;21;22;23;24;25;26;27;28;29;30;31;32;33;34;35;37;38;39;40;41;42;43;46;47;48;50;51;53;54;55;57;59;60;61;62;63;65;66;67;68;71;73;75;77;78;79;80;81;82;83;85;86;87;88;92;93;97;99;100,100
A0A0H2ZUI5,0.2647058823529412,2;5;8;9;10;11;12;17;27,34,2.786015567779541,1.0126745018111025,0.3,3;5;7;9;11;12;13;17;20;22;24;27;33;41;43;46;47;56;58;63;65;67;68;71;73;75;81;83;96;97,100
A0A0H3MCY6,0.5178571428571429,1;2;4;5;9;10;13;14;15;19;20;21;26;27;28;29;30;31;32;33;34;36;37;40;44;45;46;52;56,56,2.2935621088743208,1.2979348173905332,0.78,1;3;4;5;6;7;11;12;13;16;18;20;21;22;23;24;25;26;27;28;29;30;31;33;34;36;37;38;39;40;41;42;43;44;45;46;47;48;49;50;53;54;56;57;58;59;60;61;62;63;64;67;68;69;70;71;72;73;74;75;76;78;80;81;82;84;86;87;88;89;90;91;92;93;94;96;98;100,100
A0A0H5BB76,0.3055555555555556,4;12;17;18;22;24;26;30;31;32;34,36,2.9033914685249327,1.2795667686762304,0.1,40;41;48;52;58;68;76;78;80;91,100
A0A0H5NNV9,0.16,2;4;11;13;17;21;22;37,50,2.4455902671813963,1.28135214231101,0.08,35;50;58;65;72;75;86;92,100
A0A0H5RL48,0.42857142857142855,6;7;8;9;11;13;19;20;21;26;27;28;29;31;33,35,2.7115139925479887,1.045999155520996,0.81,1;2;3;4;5;6;7;8;9;10;11;12;15;16;17;19;20;21;22;24;25;26;27;29;30;31;32;33;34;36;38;39;40;41;43;44;45;46;47;48;49;50;51;52;53;54;56;57;59;60;62;63;64;65;66;67;68;69;71;72;73;75;76;77;78;80;81;82;83;84;86;87;88;89;91;93;94;95;98;99;100,100
A0A0I9Z3I8,0.6521739130434783,1;2;3;4;5;8;10;11;12;13;14;16;17;18;19;21;22;25;26;28;29;30;32;33;34;35;36;39;40;41,46,2.37343212723732,1.138222634770501,0.96,1;2;3;4;5;6;7;8;9;10;11;12;13;14;15;17;18;19;20;21;22;24;25;26;27;28;29;30;31;32;33;34;35;36;37;38;39;40;41;42;43;44;45;46;47;48;49;50;52;53;54;55;56;57;58;59;60;61;62;63;64;65;66;67;68;69;71;72;73;74;75;76;77;78;79;80;81;82;83;84;85;86;87;88;89;90;91;92;93;94;95;96;97;98;99;100,100
A0A0J6VZP7,0.5476190476190477,2;3;8;10;12;13;14;16;18;21;22;23;25;26;27;28;29;30;32;34;35;37;39,42,2.5718139493465424,1.1339637381136272,0.56,2;3;6;9;11;12;16;17;20;21;22;23;24;30;31;34;38;39;40;41;42;44;45;46;47;48;49;50;51;52;54;58;60;61;63;65;66;67;69;70;71;73;75;76;77;79;80;81;83;88;89;91;93;96;98;99,100
A0A0J6WR15,0.15789473684210525,9;17;18;22;24;37,38,2.592700414657593,1.0269811197412384,0.06,2;10;63;78;86;94,100
A0A0J6Z0M9,0.13333333333333333,4;11;14;17;18;36,45,2.5431247103214263,1.179007370311545,0.07,2;21;27;42;81;92;100,100
A0A0J8TWL2,0.48717948717948717,4;5;7;8;9;10;12;17;18;19;21;23;26;31;32;33;34;35;39,39,2.7293228697776795,1.1298907838309993,0.59,1;2;4;5;6;7;8;9;10;11;13;15;16;17;18;19;22;24;25;26;27;28;29;31;32;34;35;36;37;39;40;41;47;49;53;55;57;58;59;60;61;63;65;66;67;68;70;72;73;74;77;84;85;87;88;91;93;95;100,100
A0A0K0XCM7,0.4090909090909091,5;6;7;11;13;15;17;19;23;25;27;29;30;32;38;39;42;44,44,2.51522185087204,1.1453598275780894,0.24,5;11;14;16;21;25;26;36;42;46;49;50;56;57;61;66;67;76;77;82;85;95;97;100,100
A0A0L0JTI1,0.2909090909090909,2;8;14;16;17;18;20;22;24;26;34;37;42;47;52;55,55,2.1200658291578294,1.2719729006252656,0.22,4;6;7;11;18;29;31;32;33;35;37;42;45;46;50;55;61;75;76;79;94;98,100
A0A0M2JYX2,0.11363636363636363,7;10;15;34;37,44,2.4528313010931013,1.2890511029253287,0.03,61;81;91,100
A0A0M2WG04,0.1794871794871795,17;30;31;32;33;36;38,39,2.708712104558945,1.2257268941039663,0.82,1;2;3;4;5;6;7;8;9;10;12;13;14;15;16;17;18;19;20;21;22;24;25;26;27;28;29;30;31;32;33;34;35;36;37;39;40;41;42;43;44;46;47;49;50;51;52;53;55;56;57;58;59;60;61;62;63;65;66;67;69;70;71;74;76;79;80;82;83;84;85;86;87;88;89;90;91;92;93;96;97;100,100
A0A0N9YG13,0.5,3;5;6;7;9;10;15;16;17;18;21;22;25;27;28;30;31;32;34;35;37;41;45,46,2.474926776885986,1.0465785331884405,0.52,1;2;3;4;6;8;9;12;13;15;18;20;22;23;24;26;32;35;37;40;43;44;46;47;49;50;51;52;53;58;61;64;65;66;67;69;72;73;74;75;77;78;79;85;86;89;91;92;93;95;96;100,100
A0A0Q2M080,0.24324324324324326,14;15;16;17;19;23;24;26;34,37,2.858474860191345,1.3655452743328522,0.35,7;13;18;19;20;30;32;33;37;40;41;42;44;53;54;55;58;60;65;66;68;69;76;78;81;84;85;89;90;91;92;95;96;98;100,100
A0A0Q2RTZ0,0.4166666666666667,3;4;5;9;10;13;16;18;19;22;26;30;31;32;33;35;37;38;39;40;41;49;51;55;57,60,2.193865823149681,1.2437677939811471,0.54,1;2;5;6;7;8;9;10;12;13;14;15;21;23;24;26;28;29;30;31;32;35;36;37;38;40;41;42;45;49;51;54;55;58;63;64;67;70;71;72;74;76;78;79;83;85;88;89;90;92;93;95;99;100,100
A0A0U0WCI8,0.2549019607843137,4;7;8;9;10;16;17;18;21;32;34;41;51,51,2.2981232637166977,1.1315400845772368,0.34,2;3;4;11;13;15;16;25;26;28;29;31;35;37;40;42;48;49;50;54;55;58;59;62;65;66;70;72;76;78;79;92;94;95,100
A0A0U0ZG49,0.7142857142857143,1;2;4;5;8;9;10;11;13;14;16;17;19;20;21;22;23;25;26;27;30;31;33;34;35,35,2.753320336341858,1.057326085215814,0.76,1;2;3;4;5;6;7;8;9;10;11;12;14;15;16;17;18;19;20;21;22;23;24;26;27;30;31;32;34;36;37;38;43;44;45;46;47;49;51;53;54;56;57;58;59;61;62;63;65;67;68;69;72;73;74;75;76;77;78;79;82;83;84;85;86;87;88;89;91;92;94;96;97;98;99;100,100
A0A0U0ZLV7,0.13043478260869565,5;17;23;35;41;45,46,2.533142206668854,1.5175400705196551,0.02,51;81,100
A0A0U1DUP4,0.5641025641025641,1;2;3;5;8;9;10;13;15;17;19;20;21;23;24;25;28;31;32;35;37;39,39,2.515240089893341,1.0165836431360071,0.51,2;3;5;6;7;9;12;14;15;19;21;22;24;25;26;34;35;36;37;39;40;41;42;43;46;48;51;53;54;55;56;58;59;61;62;63;64;65;67;70;71;78;79;84;85;90;91;94;96;99;100,100
A0A0U1E1C0,0.6545454545454545,4;7;8;9;11;12;13;14;16;17;18;19;20;21;22;24;25;26;28;29;30;31;32;33;34;36;37;39;40;41;42;44;45;46;47;48,55,2.2906546992063523,1.1832733324165998,0.6,1;3;4;5;6;8;9;10;12;13;14;15;17;18;21;22;23;24;25;27;28;29;34;35;37;39;40;41;42;44;46;48;49;50;54;55;57;58;59;60;61;64;65;67;68;70;71;74;76;79;80;82;86;87;89;93;95;97;98;99,100
A0A100W5H8,0.21875,6;10;14;21;26;28;30,32,2.717481212615967,1.059617034629938,0.6,1;5;6;9;10;11;12;13;14;17;18;19;21;24;25;26;29;33;38;40;42;44;45;46;47;48;50;53;56;57;58;60;62;63;65;66;67;69;71;72;74;75;77;79;80;81;82;84;85;87;88;89;90;91;92;93;94;96;97;98,100
A0A100W5I0,0.5526315789473685,2;5;7;9;10;12;13;15;16;18;20;22;24;25;27;28;30;31;34;35;36,38,2.798238921165466,1.2164569597818762,0.4,7;8;9;13;14;15;16;19;22;23;25;26;28;30;34;35;37;40;42;43;47;49;52;53;54;58;59;62;63;64;66;69;70;74;77;81;84;85;93;99,100
A0A100WL29,0.3333333333333333,3;4;5;9;11;12;16;17;20;25;26;32;33;35;36;50;51;53;57,57,2.209699105620384,1.303509144892752,0.33,2;4;5;6;7;8;9;11;15;17;18;28;30;33;35;36;42;48;49;54;58;59;61;66;68;70;74;77;82;86;94;95;97,100
A0A124DZH3,0.0,,38,2.7673729074001314,1.2951398556794906,0.0,,100
A0A132PRD2,0.3125,1;2;3;5;9;10;11;13;19;21;30;31;32;40;48,48,2.597532786130905,1.3310095853346207,0.54,1;2;3;4;7;9;11;12;14;16;18;21;22;25;29;32;35;36;37;39;40;41;42;44;45;49;52;54;55;58;59;60;61;62;63;66;68;69;70;71;74;75;76;78;80;83;85;86;89;90;92;94;98;99,100
A0A143QSN8,0.1,6;8;12;29;39,50,2.314012326002121,1.0036074525552168,0.04,46;63;71;80,100
A0A163Z098,0.5483870967741935,2;7;8;10;11;12;13;16;17;18;19;21;22;24;25;26;27,31,2.888867529630661,1.0693976095304099,0.93,1;2;3;5;6;7;8;9;10;11;12;13;14;15;16;17;18;19;20;21;22;23;24;25;26;27;28;29;30;31;32;34;35;36;37;38;39;40;41;42;43;44;45;46;47;49;50;51;52;53;54;55;56;57;58;59;60;61;62;63;64;65;66;67;68;69;70;71;72;73;75;76;77;78;79;80;81;82;85;86;87;88;89;90;91;92;93;94;95;96;97;99;100,100
A0A164L8S1,0.45714285714285713,2;3;5;7;9;13;14;17;19;20;22;24;27;30;33;34,35,2.803687994480133,1.1318355991594766,0.56,3;6;10;11;12;13;15;19;20;21;22;25;26;28;30;32;33;35;36;39;40;43;48;50;52;53;54;55;56;58;59;60;61;62;66;67;68;69;71;72;73;78;79;83;85;87;88;89;90;91;92;93;94;95;98;100,100
A0A164L8T1,0.24561403508771928,5;8;9;16;19;24;25;26;28;37;39;42;48;50,57,2.038011741042137,1.1360086717029152,0.17,14;18;31;37;38;54;65;66;70;74;76;77;78;86;87;91;98,100
A0A172UHW8,0.10714285714285714,1;9;19;22;28;41,56,2.3422303903102875,1.438481135473689,0.09,8;22;25;28;32;35;54;81;89,100
A0A179V396,0.6666666666666666,3;4;6;9;10;11;12;13;14;15;17;18;19;20;23;24;25;27;29;31;32;34;35;36,36,2.6832318830490114,1.0720757373989396,0.87,1;2;3;4;5;6;7;8;9;10;11;13;14;15;16;17;18;19;20;21;22;23;24;25;26;27;28;29;30;32;33;34;35;36;37;38;39;41;42;45;47;48;49;50;51;52;53;54;55;56;57;58;59;60;61;62;63;65;66;67;69;70;71;72;73;74;75;76;77;79;80;81;82;83;84;87;88;89;91;92;93;95;96;97;98;99;100,100
A0A179VCR2,0.10416666666666667,7;17;23;30;44,48,2.6281104528903962,1.409364135385841,0.07,3;15;24;32;34;73;82,100
A0A1A0MX32,0.0196078431372549,18,51,2.3694430124759673,1.44698298767968,0.01,80,100
A0A1A0MY20,0.3055555555555556,1;2;4;5;8;9;11;14;24;32;34,36,2.7283395850658416,1.1365671284121168,0.4,1;3;9;10;14;16;17;21;22;23;29;30;37;41;42;43;45;46;47;48;55;56;58;59;66;69;70;71;73;78;82;84;85;86;88;89;90;97;98;100,100
A0A1A0RF29,0.2708333333333333,5;6;8;12;13;16;19;21;25;40;43;45;46,48,2.3369866251945495,1.2486616423530903,0.3,2;4;5;8;10;13;17;18;19;22;26;31;32;36;37;38;39;42;44;47;49;51;54;61;65;70;73;85;91;95,100
A0A1A0VEQ6,0.04878048780487805,12;33,41,2.633979043364525,1.3268917895804049,0.01,13,100
A0A1A0VZR1,0.05454545454545454,3;31;32,55,2.3902107912302015,1.4088275276008384,0.3,4;5;9;11;14;16;17;20;22;25;27;28;32;41;42;46;47;48;49;53;54;57;58;61;67;77;82;92;93;98,100
A0A1A1WCA4,0.2631578947368421,6;7;8;11;12;15;19;27;28;35,38,2.7195799124240874,1.071639960960148,0.54,2;5;6;8;11;12;13;14;16;18;20;23;24;26;28;30;31;32;33;34;35;37;38;40;41;42;45;46;48;51;54;56;57;58;59;60;64;65;75;79;80;81;84;87;89;90;91;92;93;94;96;97;98;99,100
A0A1A1WCB1,0.3076923076923077,6;8;11;12;13;15;16;20;22;26;27;38,39,2.682013543844223,1.2078645378142645,0.45,1;2;5;6;8;9;10;11;14;15;17;18;19;25;26;28;29;33;34;35;36;39;42;45;46;50;52;54;56;60;61;63;70;71;72;74;77;82;85;87;88;95;97;99;100,100
A0A1A2DP38,0.6363636363636364,1;2;7;10;11;12;13;14;15;16;17;19;21;22;24;26;27;29;30;31;32;33;36;39;40;41;42;43,44,2.6045118325948717,1.2484179290539774,0.77,1;2;3;4;5;6;7;8;10;12;13;14;15;16;17;18;19;21;22;24;25;26;27;28;29;30;31;32;33;34;36;37;38;40;41;42;43;44;45;46;47;50;52;53;54;55;56;57;58;59;60;61;62;65;66;67;69;70;71;72;73;76;77;80;81;82;83;86;87;88;89;92;94;95;97;98;100,100
A0A1A2EVY2,0.575,1;3;4;6;7;8;9;11;12;13;14;15;17;19;22;26;27;29;31;32;34;39;40,40,2.638312940597534,1.189250196731239,0.92,1;2;3;4;5;6;7;8;9;10;11;12;13;14;15;16;17;18;19;20;21;22;23;25;26;27;28;30;31;32;33;34;35;37;38;40;41;42;43;44;45;46;47;48;49;50;51;52;53;54;55;56;57;58;59;60;61;62;63;65;66;67;68;69;71;72;73;74;75;76;77;79;80;81;82;83;84;85;86;87;89;90;91;92;93;94;95;96;97;98;99;100,100
A0A1A2P0A6,0.0,,45,2.5496213817596436,1.2104642865378517,0.0,,100
A0A1A2SD60,0.030303030303030304,10;30,66,2.0174658125638962,1.2788113740989193,0.01,61,100
A0A1A2SKN5,0.7254901960784313,3;4;5;6;7;8;9;10;11;12;13;14;15;16;17;18;19;20;21;22;23;25;26;28;29;30;31;32;34;35;36;37;40;41;42;48;50,51,2.296277796626091,1.04746205633311,0.55,2;3;4;5;7;8;9;11;12;13;14;15;16;17;18;19;21;25;27;31;32;33;34;36;37;39;41;45;46;48;50;51;52;54;55;56;57;59;60;64;65;67;68;70;71;74;76;77;78;80;82;85;86;88;91,100
A0A1A2SQA4,0.17777777777777778,3;10;11;18;36;43;44;45,45,2.534843915104866,1.3018193651603913,0.54,1;2;4;5;6;7;8;9;10;11;12;14;16;18;19;21;22;23;24;25;28;30;31;32;35;37;38;39;40;43;45;47;48;49;51;52;55;56;58;59;60;61;62;66;72;80;81;83;84;91;93;96;98;100,100
A0A1A2UBP1,0.38235294117647056,2;5;6;12;13;14;16;23;24;27;28;29;32,34,2.94289715886116,1.3217318458650495,0.56,1;3;5;7;8;9;10;11;12;13;15;16;17;18;19;21;23;26;29;31;32;33;35;40;41;42;47;48;50;51;53;55;56;57;59;60;63;64;67;68;69;70;73;75;76;78;81;83;86;87;88;92;94;95;96;100,100
A0A1A2YVQ7,0.0,,43,2.6857276511192323,1.3336709926741377,0.0,,100
A0A1A2YYV5,0.0,,55,2.4220228946208953,1.3092445984484065,0.0,,100
A0A1A2Z2J8,0.047619047619047616,24;35,42,2.6709970515966415,1.4447272311426647,0.54,2;3;4;10;11;12;14;15;16;17;18;19;21;22;23;24;26;28;31;32;34;37;39;40;41;43;44;48;50;51;52;53;54;55;57;58;59;60;61;63;68;69;73;76;78;81;84;86;87;89;90;91;95;99,100
A0A1A2Z8H6,0.43333333333333335,1;2;4;7;9;11;12;14;15;17;18;24;26,30,2.8065779495239256,0.9824040300877239,0.52,1;3;4;8;9;10;12;15;16;18;20;22;23;24;25;26;28;33;35;38;41;42;43;46;47;49;50;51;54;57;60;63;65;66;68;69;73;74;75;76;77;79;80;84;85;86;87;88;91;92;93;96,100
A0A1A2ZG36,0.37735849056603776,4;7;11;12;14;15;18;20;21;26;29;30;34;37;47;48;49;50;52;53,53,2.3478975772857664,1.234642291534109,0.56,1;2;4;5;7;8;10;11;12;14;15;16;19;21;23;25;26;27;29;31;35;36;37;38;39;40;41;44;46;48;49;51;53;55;58;64;65;67;69;70;72;73;75;77;78;79;80;81;82;88;91;92;93;94;95;99,100
A0A1A3C4T0,0.20408163265306123,6;15;16;22;26;31;33;37;45;47,49,2.3381981950998307,1.2371834057032531,0.23,2;10;11;16;30;42;46;47;48;62;64;65;66;76;81;84;85;86;87;92;96;97;100,100
A0A1A3GZZ6,0.5333333333333333,2;7;8;9;10;14;16;17;18;20;21;22;24;26;29;30,30,2.8833648800849914,1.0331080928540486,0.81,1;2;3;4;5;6;7;8;9;10;11;12;13;14;15;16;17;18;19;20;21;22;23;24;25;26;27;28;29;30;32;34;35;36;37;38;39;40;41;42;43;45;46;47;49;50;51;52;53;55;56;57;59;60;61;62;63;64;65;66;69;71;72;73;74;76;77;80;82;83;84;86;87;88;89;91;92;93;94;96;97,100
A0A1A3H185,0.05714285714285714,26;35,35,2.751420838832855,1.2292401076686605,0.01,74,100
A0A1A3KI76,0.20408163265306123,1;4;9;16;18;19;23;26;28;43,49,2.40451791703701,1.253936198484397,0.16,1;9;12;16;23;24;49;57;66;68;79;83;88;90;96;99,100
A0A1A3KJV4,0.23529411764705882,6;12;16;20;22;24;25;30,34,2.8177198708057403,1.149870263952169,0.13,10;11;14;28;41;44;53;55;59;62;68;82;94,100
A0A1A3N7A1,0.425531914893617,4;7;13;14;15;16;17;19;22;24;27;28;29;30;36;38;41;42;43;47,47,2.4879814839363097,1.2329421281833763,0.76,1;2;3;4;5;6;8;9;10;11;13;14;15;16;18;19;20;21;22;23;24;26;27;28;29;30;31;32;33;34;36;37;38;39;40;41;43;44;45;48;51;53;54;56;57;58;59;60;61;63;64;65;67;68;69;70;72;73;74;77;79;84;85;86;88;89;90;91;92;93;94;96;97;98;99;100,100
A0A1A3NWI0,0.36666666666666664,5;8;9;17;18;20;21;22;24;27;29,30,2.815934237241745,0.9673924591406148,0.53,2;6;7;8;10;12;13;14;16;17;18;22;23;24;30;32;33;34;35;37;39;40;41;42;43;45;48;51;53;54;55;58;61;65;67;68;70;71;73;78;79;80;81;87;88;90;91;94;96;97;98;99;100,100
A0A1A3P195,0.21739130434782608,3;5;7;8;12;15;19;28;31;46,46,2.4568053388595583,1.3545207041076304,0.44,1;2;3;6;7;9;13;16;20;22;23;27;28;29;30;31;32;36;37;38;40;45;47;48;49;58;59;60;61;62;65;69;73;74;75;80;81;82;87;89;91;93;94;98,100
A0A1A3U7T4,0.05555555555555555,11;22;32,54,2.251607387661934,1.2737173737848324,0.07,15;16;25;65;69;80;97,100
A0A1A6BMZ1,0.35294117647058826,1;4;5;6;7;10;17;19;26;27;28;32;35;37;39;40;44;48,51,2.184994199872017,1.214601948976764,0.67,1;2;3;5;7;9;10;11;12;13;14;15;17;18;19;22;23;24;26;27;29;30;31;32;33;34;35;39;40;41;43;44;45;46;48;49;50;51;52;53;57;60;61;62;63;64;66;69;70;71;72;74;76;77;79;81;83;86;87;88;89;90;91;92;93;94;96,100
A0A1B4Y4X4,0.28205128205128205,4;8;10;12;13;14;15;24;25;27;30,39,2.7655577170848846,1.2397986222276998,0.37,2;3;6;7;10;11;13;14;15;16;19;20;26;28;31;33;34;36;43;44;45;47;48;54;64;65;66;70;73;75;80;86;87;89;92;93;96,100
A0A1B8SKL4,0.55,2;3;6;8;9;10;12;14;16;17;18;19;21;23;24;25;27;28;30;36;37;38,40,2.7117184138298036,1.2171227386465175,0.82,1;2;3;4;5;6;7;8;9;10;11;12;13;15;16;17;18;19;20;21;23;24;26;27;28;29;30;31;33;34;35;36;37;38;39;40;41;43;44;45;46;47;50;51;52;53;54;55;57;58;60;61;62;63;65;67;69;71;72;73;74;75;77;78;79;80;82;83;85;86;87;88;89;90;91;92;93;94;96;97;98;100,100
A0A1B9CX42,0.3409090909090909,1;5;7;9;15;18;19;20;22;23;26;27;28;33;40,44,2.6020221984386445,1.2253416570771056,0.35,2;3;6;9;10;12;17;19;22;26;32;36;39;41;43;45;48;50;57;60;65;68;70;73;75;76;79;80;82;84;89;92;93;94;99,100
A0A1D8GAR9,0.5365853658536586,1;3;4;5;7;9;13;14;15;17;19;21;23;25;26;32;33;35;36;38;40;41,41,2.5440618979930876,1.013562643696252,0.58,5;6;8;9;10;11;12;14;15;16;17;18;19;20;21;24;25;27;29;30;34;35;36;37;41;42;43;44;46;49;50;51;53;56;58;60;61;62;63;64;66;67;68;70;73;74;78;84;87;89;90;91;92;94;95;97;98;100,100
A0A1E3RBW0,0.675,2;4;6;7;8;9;10;11;12;13;14;15;16;17;21;22;24;25;26;27;30;31;32;34;36;37;40,40,2.676327169537544,1.2705995504063752,0.7,2;6;7;8;9;10;11;12;13;14;15;17;18;19;20;21;22;23;24;27;28;29;30;31;32;33;34;36;37;38;39;41;43;46;47;48;49;50;51;52;53;54;56;57;58;59;60;61;62;63;64;66;68;70;75;77;78;80;82;83;84;85;86;87;89;90;94;95;96;100,100
A0A1E3S0K4,0.12727272727272726,2;3;11;14;29;32;46,55,2.2616353273391723,1.1588007480037081,0.31,10;18;19;23;32;38;40;42;44;45;46;47;48;53;55;57;59;61;63;65;66;69;72;76;79;80;81;82;90;92;96,100
A0A1E3S739,0.14634146341463414,4;8;17;22;26;41,41,2.6487804102897643,1.2858881929830472,0.48,2;3;4;5;6;8;13;15;17;19;24;26;27;29;31;32;40;42;43;44;45;46;48;50;51;52;55;61;67;70;71;72;73;74;77;79;81;82;83;85;86;87;90;91;94;98;99;100,100
A0A1E5P3C7,0.06060606060606061,2;16,33,2.8390252125263213,1.2660318414219336,0.7,1;2;3;4;5;6;8;9;10;11;12;14;16;17;18;19;20;23;25;26;27;29;30;32;33;34;35;36;37;38;39;40;41;42;43;45;46;47;48;50;52;53;54;57;59;61;62;63;64;65;66;67;68;71;73;76;78;79;80;82;84;87;88;89;90;92;93;95;96;100,100
A0A1E8Q6I1,0.3181818181818182,3;5;6;11;13;14;17;20;21;25;27;34;38;41,44,2.505948313474655,1.1974152419492565,0.2,4;25;31;42;44;45;55;56;57;63;66;72;73;84;94;95;96;97;99;100,100
A0A1G4WIS5,0.2222222222222222,1;6;16;18;21;22;26;28;30;33,45,2.502054498195648,1.1622235759950421,0.23,2;3;4;7;9;10;17;23;29;44;45;46;47;49;52;53;56;61;62;64;78;93;96,100
A0A1G6PJB6,0.559322033898305,4;5;6;7;9;11;15;17;19;20;22;24;25;26;30;32;33;34;35;39;42;43;44;47;48;49;50;51;54;56;57;58;59,59,2.1404023289680483,1.278568775883398,0.54,1;2;3;6;7;8;12;15;17;19;20;22;23;26;27;28;29;31;32;34;37;39;41;42;43;44;46;48;49;50;51;52;53;54;56;63;65;67;68;69;73;75;76;78;79;80;84;85;87;88;93;94;98;99,100
A0A1G7L4S3,0.0975609756097561,3;4;13;17,41,2.575477243065834,1.2219549867285002,0.04,4;17;35;83,100
A0A1H6L3W8,0.3333333333333333,4;5;7;9;10;12;19;22;25;27,30,2.826100031137466,1.034217182357543,0.41,3;5;8;9;10;13;16;18;20;21;22;25;26;29;33;34;35;36;38;39;50;51;55;56;60;66;71;72;74;75;78;79;81;82;86;87;89;92;94;96;100,100
A0A1H7CJ42,0.29411764705882354,2;4;7;8;12;14;15;22;23;31,34,3.0409908378124237,1.4184870480668645,0.15,8;12;15;19;29;44;55;56;64;68;75;77;78;91;94,100
A0A1H8UHI3,0.20408163265306123,8;12;14;19;30;33;41;42;45;49,49,2.337312399148941,1.2490166273731187,0.98,1;2;3;4;5;6;7;8;9;10;11;12;13;14;15;17;18;19;20;21;22;23;24;25;26;27;28;29;30;31;32;33;34;35;36;37;38;39;40;41;42;43;44;45;46;47;48;49;50;51;52;53;54;55;56;57;58;59;60;61;62;63;64;65;66;67;68;69;70;71;72;73;74;75;76;77;78;79;80;81;82;83;84;85;86;88;89;90;91;92;93;94;95;96;97;98;99;100,100
A0A1I5LZY6,0.16666666666666666,31;33;35;37;39;45;46;47,48,2.3314128041267397,1.1383205264066047,0.84,1;2;3;4;5;6;7;8;9;10;11;12;13;14;15;17;18;19;20;21;22;23;24;25;26;27;30;31;32;33;34;36;38;39;40;41;42;44;45;46;47;48;49;50;51;52;53;54;56;57;59;61;62;63;64;65;66;67;68;69;70;73;74;75;76;77;78;79;80;81;82;85;86;87;89;91;92;93;95;96;97;98;99;100,100
A0A1I6TMF1,0.2571428571428571,3;8;9;11;12;18;24;28;29;31;32;33;34;40;44;56;57;67,70,1.8729947608709336,1.1501318936753335,0.2,8;9;12;13;14;27;49;51;53;62;63;65;68;70;74;81;82;86;98;99,100
A0A1J0VT15,0.5967741935483871,3;4;5;6;8;9;10;11;12;17;21;24;26;27;28;29;30;31;32;35;36;37;38;39;42;45;46;48;50;51;52;54;56;57;59;61;62,62,2.0756436485052108,1.022093102627054,0.8,1;2;3;4;7;8;10;11;12;14;15;16;17;18;19;20;21;22;23;24;25;26;27;29;32;33;35;36;37;38;39;41;42;44;45;46;48;49;50;51;52;53;54;55;56;58;59;60;61;62;64;65;66;67;68;69;71;72;74;75;76;77;78;79;81;82;83;84;86;87;88;90;91;92;93;94;95;97;98;99,100
A0A1Q4H4E6,0.0975609756097561,1;26;33;37,41,2.5880085575580596,1.307051703924652,0.07,30;45;52;66;91;96;100,100
A0A1Q4HPF1,0.11428571428571428,10;16;17;20,35,2.7986085081100462,1.1547835584926274,0.61,1;2;4;5;6;7;8;10;11;12;13;14;15;16;18;19;20;21;22;23;24;25;26;27;28;29;30;32;33;34;35;36;38;39;40;42;43;44;45;46;49;51;52;55;57;61;62;63;65;66;67;69;72;73;76;77;82;89;91;94;100,100
A0A1Q9W8K3,0.5,1;3;5;7;9;11;14;19;20;21;22;24;25;26;27;30,32,2.8806509232521056,1.13451131962191,0.52,3;5;7;9;10;11;13;14;15;17;18;19;21;22;23;26;27;29;31;33;34;35;40;41;42;46;48;49;51;53;58;59;60;61;63;65;66;69;70;76;77;79;82;85;86;87;89;94;95;96;98;100,100
A0A1R3Y1N0,0.3269230769230769,1;2;7;8;9;11;12;16;20;23;25;26;33;38;44;49;52,52,2.3978674632310866,1.5023072464576122,0.87,1;2;3;4;5;6;7;8;9;10;12;13;14;16;17;18;19;20;21;22;24;25;26;27;28;29;31;32;33;34;35;36;37;38;39;40;41;42;43;44;45;46;48;49;50;53;54;55;56;57;59;61;62;63;64;65;66;67;68;69;70;71;72;73;74;75;76;78;79;80;81;82;83;84;85;86;87;88;89;91;94;95;96;97;98;99;100,100
A0A1S1KKY6,0.3793103448275862,4;6;8;13;16;19;20;24;29;30;31;32;33;34;37;41;43;45;47;50;56;58,58,2.1557202309370043,1.2870887022583288,0.57,1;2;3;4;8;10;11;12;13;17;19;20;21;22;24;25;26;27;28;31;32;38;40;41;42;45;49;51;52;56;58;59;60;63;67;68;70;71;72;73;74;75;77;78;80;82;83;84;85;86;89;90;91;92;94;98;100,100
A0A1S1L7L3,0.6585365853658537,2;7;8;9;10;11;13;14;15;16;17;19;20;21;22;23;24;25;27;28;31;32;33;37;38;40;41,41,2.4922079706192015,0.9553474555382653,0.84,1;2;3;4;5;7;8;9;10;11;12;13;14;15;16;17;19;20;22;23;24;26;27;28;29;30;31;32;34;35;36;37;38;40;42;43;47;48;49;50;51;52;54;55;57;58;59;61;62;63;64;65;66;67;68;69;70;71;72;73;75;76;77;78;79;80;81;82;83;85;86;87;88;89;90;91;93;94;95;96;97;98;99;100,100
A0A1S1LBB7,0.1320754716981132,6;16;20;25;30;32;48,53,2.3501996213197707,1.2789316419834706,0.03,33;46;92,100
A0A1S1LFP5,0.7,5;6;7;8;9;10;13;14;15;16;17;19;20;21;22;24;26;27;28;29;30;31;32;33;34;36;38;39,40,2.5556935799121856,0.9898705203846235,0.84,1;2;3;4;5;6;7;8;9;11;12;13;14;17;18;19;20;21;22;23;24;25;26;27;28;29;30;31;32;33;34;35;37;38;39;40;41;42;44;45;46;47;49;50;51;52;53;54;55;56;57;58;59;60;62;63;64;65;66;69;71;72;73;74;75;76;77;78;79;81;82;84;85;86;87;88;89;90;92;95;97;98;99;100,100
A0A1S1LSR7,0.06557377049180328,12;13;16;20,61,2.1517536741495134,1.2152885579213184,0.5,1;2;3;6;7;8;9;12;13;15;16;18;20;26;27;29;30;32;34;37;38;39;42;46;47;50;51;55;56;57;58;59;60;61;66;68;70;71;72;76;77;80;82;84;85;87;88;90;91;94,100
A0A1S1LZ61,0.6730769230769231,3;4;6;7;9;10;11;12;13;14;15;17;18;19;21;24;26;27;28;30;32;33;35;36;37;38;39;40;41;46;47;49;50;51;52,52,2.440345879793167,1.1244263591820838,0.76,1;2;4;5;6;7;8;9;10;11;12;13;14;15;16;17;18;21;22;23;24;25;26;28;29;30;31;32;33;34;36;39;42;43;44;45;46;47;48;49;50;51;53;54;55;56;59;60;61;62;63;65;66;68;70;72;73;74;75;76;77;79;80;81;82;83;87;88;89;90;93;94;97;98;99;100,100
A0A1S1M770,0.12727272727272726,7;11;22;26;30;41;42,55,2.2392324197292326,1.3558566780238277,0.07,23;41;48;49;50;54;75,100
A0A1S1MVI3,0.25,6;14;15;19;20;32;34;35;37;40;44,44,2.415741723775864,0.9453261778294096,0.61,1;2;3;4;6;8;11;12;13;15;16;17;18;20;21;22;24;27;28;29;34;36;37;38;40;43;44;46;47;49;51;52;53;54;55;56;60;61;62;65;66;68;69;71;72;75;78;79;81;84;85;86;87;88;90;92;94;95;96;99;100,100
A0A1S1NIB3,0.034482758620689655,2;5,58,2.28987861931324,1.4447874056603396,0.01,67,100
A0A1T3NLC9,0.12727272727272726,7;12;16;17;50;51;52,55,2.2839801049232484,1.3623270559620513,0.18,12;16;18;19;31;34;39;41;42;46;56;67;69;71;77;78;84;87,100
A0A1T3NUL4,0.022222222222222223,3,45,2.4716901987791062,1.3117226902357437,0.04,23;39;64;98,100
A0A1T5FEL0,0.1,4;7;19,30,2.8516346967220305,1.167575085021582,0.06,16;42;55;70;89;92,100
A0A1T5FV39,0.325,1;6;8;10;11;16;17;18;20;23;25;26;28,40,2.643263962268829,1.2938942241713225,0.23,6;32;34;38;42;44;54;57;58;61;63;65;68;71;73;76;81;82;83;95;97;98;100,100
A0A1T5XJ36,0.02,16,50,2.301706269979477,1.2577840793380506,0.0,,100
A0A1U3MWT7,0.6666666666666666,2;4;5;6;7;8;9;10;11;12;13;14;17;18;19;21;22;24;25;28,30,2.773100222349167,1.014347719599119,0.56,1;2;3;5;6;7;9;11;12;15;16;17;23;25;26;27;29;30;31;33;37;38;39;43;44;50;51;52;53;55;57;58;59;61;62;63;64;65;66;68;69;70;71;73;77;79;81;82;86;87;89;90;94;97;99;100,100
A0A1V3WG34,0.42105263157894735,8;9;10;11;12;14;15;19;20;21;22;25;27;29;31;36,38,2.6285355269908903,1.1042803980379707,0.78,1;2;3;4;5;6;7;8;9;10;11;12;13;14;15;16;17;18;19;20;22;23;25;26;28;29;30;31;34;36;37;38;39;40;41;44;45;46;48;51;52;53;54;55;56;57;58;60;61;63;64;66;68;69;70;71;72;73;74;75;77;78;79;82;83;84;85;86;88;89;90;92;93;94;95;97;99;100,100
A0A1W9YPH5,0.4827586206896552,1;2;3;4;5;7;9;11;13;14;15;16;18;21;22;23;26;28;29;30;31;34;38;44;45;48;52;53,58,2.190401932001114,1.220130914127486,0.83,1;2;3;5;6;7;8;9;10;12;13;17;18;19;20;21;22;23;24;25;26;27;28;29;30;32;34;38;39;40;41;44;45;46;47;48;49;50;51;52;53;54;55;56;58;59;60;61;62;63;64;65;67;69;70;71;72;73;74;75;76;77;78;79;80;81;83;84;85;86;87;88;89;90;91;92;93;94;95;97;98;99;100,100
A0A1W9Z9K2,0.022727272727272728,8,44,2.617025325298309,1.3814759871082374,0.16,17;27;34;50;51;54;55;57;63;64;77;78;82;94;98;99,100
A0A1W9ZC84,0.3018867924528302,12;15;17;19;23;24;25;27;31;32;35;42;47;48;49;52,53,2.29731841981411,1.290419254156047,0.75,2;3;4;5;6;7;8;9;10;11;14;16;17;18;20;21;23;24;25;26;27;28;29;30;32;33;34;35;37;38;41;42;43;44;45;46;47;48;49;50;51;53;54;56;57;58;59;60;62;63;64;65;66;68;70;71;73;74;75;78;79;80;81;82;83;85;86;87;88;89;90;94;97;98;99,100
A0A1X0A2U5,0.0,,54,2.4369434928894043,1.3809840100108965,0.0,,100
A0A1X0AYB7,0.5102040816326531,4;6;11;15;17;18;19;21;22;23;24;25;27;29;30;31;32;36;37;38;41;42;44;47;49,49,2.516330581903458,1.2589540447970489,0.75,1;2;3;4;5;6;7;9;10;11;14;15;17;18;19;23;24;25;26;27;29;31;32;33;35;36;38;39;40;41;42;44;45;46;47;48;51;52;57;58;59;60;61;62;63;64;65;66;67;68;69;70;72;73;74;75;76;77;78;79;80;82;83;84;86;88;89;91;92;93;94;95;97;98;100,100
A0A1X0BWL6,0.43478260869565216,3;5;7;13;15;16;17;21;22;23;28;30;31;37;38;40;41;42;43;46,46,2.459563459157944,1.0240151395431978,0.52,1;3;6;7;8;9;11;13;14;16;17;18;19;20;21;23;24;25;28;29;30;32;36;40;42;44;46;50;51;52;54;55;57;58;61;62;63;65;66;67;68;72;74;75;77;79;82;85;87;90;95;100,100
A0A1X0D333,0.18,7;9;14;17;18;35;43;47;48,50,2.371746149659157,1.2545396049216453,0.4,1;4;5;6;7;9;11;15;17;18;19;24;27;28;30;32;37;47;48;50;53;55;62;63;64;67;68;69;70;79;81;84;86;87;89;91;92;93;96;98,100
A0A1X0ED97,0.6666666666666666,1;3;5;7;11;12;13;14;15;16;17;20;21;22;23;24;25;26;28;30,30,2.9126651203632354,1.0943997413033546,0.95,1;2;3;4;5;7;8;9;10;11;13;14;15;16;17;18;19;20;21;22;23;24;25;26;27;28;29;30;31;32;33;34;35;36;37;38;39;40;41;42;43;44;45;46;47;48;49;50;51;52;53;54;55;56;57;58;59;60;61;62;63;64;65;66;67;68;69;70;71;72;73;74;75;76;77;78;79;80;82;83;84;85;86;87;90;91;92;93;94;95;96;97;98;99;100,100
A0A1X0FY05,0.35135135135135137,9;10;11;12;13;15;16;17;21;22;26;27;37,37,2.6294576847553253,1.0765052217808544,0.73,1;2;3;4;5;6;7;8;9;10;12;13;14;15;17;18;19;20;22;23;24;25;26;27;28;30;32;33;34;35;36;38;39;41;42;43;45;46;47;48;49;50;51;52;53;55;56;59;60;62;63;65;66;67;69;74;75;79;80;82;83;84;85;86;90;91;92;93;95;96;97;99;100,100
A0A1X0INU7,0.02564102564102564,31,39,2.666065613031387,1.397882906322698,0.02,9;98,100
A0A1X0J5R4,0.24390243902439024,5;7;10;11;13;14;19;30;33;37,41,2.6948263573646547,1.4633829726858862,0.17,1;6;7;16;33;39;50;51;54;59;64;67;76;77;92;93;99,100
A0A1X0K0U7,0.10714285714285714,7;13;27;32;34;40,56,2.238819119334221,1.2961307312383048,0.21,5;7;15;16;18;27;31;35;36;38;44;45;48;49;55;59;61;69;74;77;90,100
A0A1X0KKW9,0.2,5;9;23;24;32;38;39;42;45,45,2.505844488143921,1.1161102967305618,0.88,1;2;3;4;5;6;7;8;9;10;11;12;13;14;16;17;18;19;20;21;22;23;24;25;26;27;28;30;31;32;33;34;35;36;37;38;39;40;41;43;44;46;47;48;49;52;53;54;55;56;58;59;60;61;62;63;64;66;67;68;69;70;71;72;73;75;76;77;78;79;80;81;82;84;85;86;88;89;90;91;92;93;94;95;96;97;98;99,100
A0A1X0XWA4,0.5151515151515151,2;3;6;11;12;13;14;15;17;19;21;23;27;29;31;32;33,33,2.7688697135448455,1.0709052313424896,0.57,1;2;4;5;7;8;9;11;12;13;15;16;17;18;19;20;21;23;24;26;28;30;31;34;35;36;37;38;41;43;45;46;48;53;55;57;62;64;65;66;68;69;70;71;72;73;79;80;83;85;86;90;92;94;97;98;100,100
A0A1X0YC10,0.35714285714285715,2;5;6;7;14;15;16;19;21;27;29;32;38;40;42,42,2.426834228038788,0.9923626987961468,0.29,4;13;16;24;26;31;37;42;44;46;47;51;57;58;61;62;66;70;75;76;78;79;81;85;86;87;95;99;100,100
A0A1X1RGM6,0.17777777777777778,1;2;6;8;9;19;23;37,45,2.4456563138961793,1.2708815444334565,0.21,2;10;11;17;19;22;24;28;31;32;33;36;40;47;61;68;75;80;86;95;100,100
A0A1X1RMT2,0.057692307692307696,2;3;45,52,2.3163898926973343,1.0997495996258722,0.07,54;59;70;75;77;79;92,100
A0A1X1SSG1,0.11940298507462686,9;12;17;18;23;42;44;56,67,2.0018041670322417,1.1375033518071787,0.12,12;22;30;31;40;41;49;52;66;80;84;88,100
A0A1X1SXX1,0.23076923076923078,4;9;10;11;13;22;24;26;30;36;40;46,52,2.3772624254226686,1.1851794313344504,0.27,1;2;3;5;6;8;9;15;19;20;22;23;25;30;33;46;52;54;74;78;82;83;84;87;91;93;100,100
A0A1X1TAZ5,0.03508771929824561,4;46,57,2.1636617892980574,1.3092880516353684,0.01,21,100
A0A1X1TX55,0.041666666666666664,15;35,48,2.498340804576874,1.254864799025968,0.12,5;15;16;18;26;40;46;58;66;70;75;100,100
A0A1X1TXE9,0.13043478260869565,2;4;9;19;20;21,46,2.4617194932699205,1.4854875957609945,0.23,1;21;23;25;31;32;49;51;52;58;59;62;63;65;71;78;80;83;86;92;97;98;99,100
A0A1X1U567,0.5581395348837209,5;6;7;9;10;12;15;16;18;19;20;21;23;24;25;26;27;28;30;32;33;34;35;36,43,2.650410632491112,1.0768873745968977,0.65,1;3;4;5;6;7;8;9;10;11;13;14;15;18;19;20;22;23;24;25;26;27;29;30;31;33;34;36;38;41;43;48;49;50;51;54;55;57;58;60;61;62;63;64;65;66;67;69;71;73;75;76;77;78;85;88;89;90;91;92;93;94;95;96;97,100
A0A1X1V443,0.4107142857142857,3;6;8;9;11;15;16;19;20;25;26;27;29;31;32;35;36;39;43;46;47;49;51,56,2.2181307250261306,1.2256853420279432,0.59,1;2;4;5;6;7;8;9;10;12;13;16;17;19;20;21;22;23;25;26;30;33;35;36;37;38;39;40;42;44;45;46;48;50;52;53;54;59;60;61;62;63;65;66;67;68;69;70;72;79;81;83;84;86;87;93;95;97;99,100
A0A1X1WD57,0.48148148148148145,8;9;11;12;15;16;17;19;23;24;25;28;29;31;32;33;35;38;39;41;43;45;46;47;50;54,54,2.288895215988159,1.3072036679991008,0.63,1;2;3;4;5;6;7;8;10;11;12;14;15;17;18;19;20;21;22;24;27;30;31;32;36;37;38;40;41;42;43;45;46;47;48;49;50;51;53;55;57;61;63;64;66;67;69;70;71;74;75;77;78;79;80;83;84;87;88;89;90;98;100,100
A0A1X1XH13,0.04878048780487805,13;21,41,2.790733675956726,1.2912270905571812,0.02,3;90,100
A0A1X1XQZ1,0.1935483870967742,2;6;7;8;12;21,31,2.8042761707305908,1.0239263483060599,0.04,50;53;70;87,100
A0A1X1YHA8,0.30612244897959184,3;9;12;13;16;20;21;30;32;33;34;35;37;39;44,49,2.5008584916591645,1.1610233958622989,0.82,1;2;3;4;5;6;7;8;9;10;11;12;13;14;15;16;18;19;20;21;22;23;24;25;26;27;28;29;30;31;32;33;34;36;37;38;39;41;42;43;44;45;48;50;52;53;55;56;57;58;60;61;62;63;65;67;68;69;70;72;73;75;76;77;78;79;80;81;85;86;87;88;89;90;91;92;93;95;96;98;99;100,100
A0A1X1YTK3,0.10416666666666667,13;25;29;34;40,48,2.469693265557289,1.4396262504281212,0.22,7;8;9;16;17;20;34;38;39;42;48;59;60;68;69;70;79;80;82;87;90;96,100
A0A1X1ZAJ3,0.6222222222222222,3;4;5;6;9;10;11;13;16;17;18;20;21;22;23;26;29;31;33;34;35;36;38;40;41;42;44;45,45,2.616276574134827,1.0671699602024622,0.97,1;2;4;5;6;7;8;9;10;11;12;13;14;15;16;17;18;19;20;21;22;23;24;26;27;28;29;30;31;32;33;34;35;36;37;38;39;40;41;42;43;44;45;46;47;48;49;50;51;52;53;54;55;56;57;58;59;60;61;62;63;64;65;66;67;68;69;70;71;72;73;74;75;76;77;78;79;80;81;82;83;84;85;86;87;88;89;90;91;92;94;95;96;97;98;99;100,100
A0A1X2AMC4,0.16666666666666666,10;13;22;26;33;37;38;39,48,2.408216907978058,1.0089867550190674,0.86,1;2;3;4;5;6;7;8;9;10;11;12;13;14;15;16;17;18;19;20;21;22;23;24;25;26;27;28;29;30;32;33;34;35;36;37;38;41;42;43;44;45;47;48;49;50;53;54;55;56;57;58;59;60;61;63;64;65;66;67;69;70;71;72;73;74;75;78;79;80;82;84;85;86;87;89;90;91;92;94;95;96;97;98;99;100,100
A0A1X2DGR4,0.42424242424242425,3;7;9;10;12;13;14;15;17;19;20;27;32;33,33,2.920986568927765,1.1238741629390856,0.3,2;9;10;16;21;22;30;34;36;38;39;41;42;48;52;53;55;56;57;65;67;71;73;75;77;83;93;94;96;100,100
A0A1X2DIF1,0.075,10;13;14,40,2.6778782916069033,1.08006697333556,0.03,6;43;81,100
A0A1X2F2L6,0.125,3;7;13;22;26;38,48,2.310548732280731,1.0987968797683458,0.1,13;23;27;34;44;49;57;60;65;79,100
A0A1X2FLH9,0.2,2;4;8;17;20;24;26,35,3.0083281028270723,1.2614929296421888,0.21,3;12;13;15;27;31;37;38;43;45;54;57;64;65;69;74;76;81;84;85;91,100
A0A1X2LPX9,0.05263157894736842,7;24;41,57,2.21341835975647,1.420515817856489,0.07,21;26;27;41;56;67;73,100
A0A1Y0C436,0.0,,46,2.607900466918945,1.3994753491702783,0.0,,100
A0A1Y0C5T9,0.3939393939393939,1;4;5;6;7;15;21;24;26;27;28;29;33,33,2.8572380113601685,1.126833295646029,0.37,1;4;11;17;18;19;21;24;27;28;37;39;40;41;43;44;45;47;48;49;50;52;61;73;74;76;80;82;84;86;87;93;94;96;98;99;100,100
A0A1Y0CFN4,0.175,1;2;3;6;7;20;21,40,2.744221902489662,1.3925344865313691,0.18,13;18;19;24;29;30;31;35;38;39;49;57;80;86;88;95;98;99,100
A0A1Y2NRV5,0.7441860465116279,1;2;3;4;5;9;10;11;12;13;14;15;16;17;19;20;21;22;23;24;25;26;27;29;31;36;37;38;39;40;42;43,43,2.6618899309635164,1.2147955300033395,0.9,1;2;3;4;5;6;7;8;9;10;12;13;14;15;16;17;18;19;20;21;22;23;24;25;26;27;28;29;30;31;32;33;34;35;36;37;38;39;40;41;42;43;44;47;48;49;50;51;52;53;54;55;56;57;58;59;60;61;64;65;66;68;69;70;71;72;73;74;75;77;78;79;80;81;83;84;86;87;88;89;90;91;93;94;95;96;97;98;99;100,100
A0A1Y5PCF7,0.46938775510204084,3;4;6;8;12;13;15;16;18;20;21;23;26;28;29;31;32;35;36;39;42;44;48,49,2.542218044400215,1.317063485287204,0.85,1;2;3;4;5;6;7;8;10;11;12;13;14;16;17;18;19;20;21;22;23;24;26;28;29;30;31;32;33;34;35;36;37;39;40;41;42;44;45;46;47;48;49;51;52;53;54;55;56;57;58;59;61;62;64;65;66;67;68;69;70;71;72;73;74;76;78;79;81;82;83;84;85;87;88;89;90;92;94;95;96;97;98;99;100,100
A0A1Y5Y6P3,0.3488372093023256,5;8;11;15;20;21;24;25;28;30;31;35;36;38;42,43,2.803558350801468,1.2058939966229325,0.48,1;2;4;7;10;11;13;14;16;18;20;23;26;28;29;30;31;33;34;36;41;43;45;48;51;52;54;56;57;59;60;61;62;67;73;76;77;79;83;85;87;88;89;92;95;96;97;100,100
A0A1Z4EZ40,0.5098039215686274,2;3;11;13;16;17;19;20;21;22;25;26;28;29;30;31;32;33;34;36;39;40;41;43;50;51,51,2.3452123737335206,1.0657965729085763,0.73,1;2;3;5;6;7;8;9;11;12;13;14;16;17;18;19;20;21;22;23;25;26;27;29;30;31;33;34;38;39;40;41;43;44;45;46;47;49;50;51;53;54;56;57;58;59;60;64;65;66;67;69;70;71;72;73;74;77;80;82;83;87;88;89;91;92;93;94;95;96;97;99;100,100
A0A1Z4F4H3,0.061224489795918366,12;15;22,49,2.4001608633995057,1.1981022408916098,0.06,12;29;54;55;67;94,100
A0A231H7W5,0.08695652173913043,5;30;32;46,46,2.5512921905517576,1.3202788800969654,0.03,20;68;77,100
A0A255DTC1,0.15217391304347827,1;12;13;15;17;30;35,46,2.445958912372589,1.249232781443018,0.05,3;37;51;70;80,100
A0A285LZS8,0.01694915254237288,6,59,2.1406078404188156,1.0085898828120683,0.03,8;73;95,100
A0A286MPQ6,0.5555555555555556,2;3;4;5;6;8;11;12;13;14;15;16;17;19;20;23;24;27;29;30;31;33;34;35;36;38;41;44;48;49,54,2.4550692987442018,1.1433123449106495,0.64,2;3;4;5;7;8;10;11;12;13;14;15;17;18;20;22;24;25;26;27;29;30;31;32;36;37;38;39;41;43;44;45;46;48;50;51;52;55;58;60;62;63;64;65;67;68;69;71;72;75;77;80;82;84;87;88;89;90;91;93;96;97;98;99,100
A0A291RHD9,0.3,11;12;15;17;21;22;23;28;29;31;34;35,40,2.547540726661682,0.9556768531951133,0.48,2;3;4;5;6;8;9;12;13;16;18;21;24;26;28;31;32;36;38;40;43;46;50;51;53;56;57;58;59;60;61;63;65;67;68;69;73;75;87;88;92;93;94;96;97;98;99;100,100
A0A291RHE0,0.21568627450980393,2;5;10;14;15;17;24;28;30;31;51,51,2.2486900734901427,1.2837901660449642,0.39,3;4;5;7;11;13;15;18;24;25;26;29;34;35;36;40;42;43;45;46;47;49;50;52;57;60;61;62;65;66;68;69;72;75;76;79;81;82;95,100
A0A2A2ZGB2,0.46938775510204084,3;6;7;10;12;13;17;18;19;20;21;22;25;27;28;29;32;35;37;39;42;44;46,49,2.408067456483841,0.9895896367845373,0.61,1;2;4;5;6;7;8;9;10;11;13;14;15;16;20;22;23;24;27;28;29;31;32;33;34;37;39;40;41;42;44;47;48;51;52;54;55;57;59;60;61;62;63;65;68;69;70;74;78;79;81;84;87;88;89;90;92;94;97;98;100,100
A0A2A3LDA8,0.5434782608695652,6;7;9;10;11;12;14;15;18;19;20;22;24;25;26;27;28;31;32;34;36;42;44;45;46,46,2.4075010085105895,1.057065881492676,0.58,2;4;5;6;7;8;9;10;12;13;14;15;16;19;22;24;25;26;28;32;33;35;36;37;40;43;45;47;48;50;51;52;54;56;58;59;64;65;73;74;75;79;80;82;83;86;87;89;90;92;93;94;95;96;97;98;99;100,100
A0A2A7NAH8,0.14893617021276595,4;6;7;24;27;41;44,47,2.3463654214143754,1.2045117184675143,0.09,2;3;22;31;47;79;80;84;88,100
A0A2A7NH78,0.3225806451612903,3;6;7;11;12;13;16;18;26;27,31,2.6894002866744997,1.044089581783506,0.68,1;2;3;6;7;9;10;11;13;14;16;17;18;19;20;21;23;24;25;26;28;29;30;31;34;35;36;37;38;41;43;44;45;46;48;50;52;53;55;56;58;59;60;61;62;64;65;66;68;71;72;73;75;77;78;79;81;84;85;87;89;91;92;93;94;95;99;100,100
A0A2A9FBQ2,0.0,,48,2.442728148698807,1.1591588208895958,0.0,,100
A0A2G5PCS5,0.13043478260869565,15;16;17;23;25;33,46,2.3857724994421003,1.1512121019213366,0.07,10;24;28;29;57;76;99,100
A0A2G5PN19,0.0,,57,2.3453896433115005,1.29748920713504,0.0,,100
A0A2G8B7A9,0.2702702702702703,3;6;10;12;16;17;18;26;30;34,37,2.565153237581253,0.9691518662989714,0.61,3;4;5;6;7;9;10;12;14;16;18;19;20;21;23;25;26;27;28;30;33;36;38;40;41;45;48;51;52;53;54;55;56;58;59;60;61;62;63;64;65;66;67;68;69;70;72;73;75;77;79;80;82;83;85;88;90;91;96;97;98,100
A0A2I2L057,0.05714285714285714,33;35,35,2.908427513241768,1.5175315028319367,0.99,1;2;3;4;5;6;7;8;9;10;11;12;14;15;16;17;18;19;20;21;22;23;24;25;26;27;28;29;30;31;32;33;34;35;36;37;38;39;40;41;42;43;44;45;46;47;48;49;50;51;52;53;54;55;56;57;58;59;60;61;62;63;64;65;66;67;68;69;70;71;72;73;74;75;76;77;78;79;80;81;82;83;84;85;86;87;88;89;90;91;92;93;94;95;96;97;98;99;100,100
A0A2K4Y9B3,0.1,9;12;30,30,2.831494059562683,1.0245399828178952,0.11,1;6;8;9;18;23;31;54;56;81;88,100
A0A2K4YB08,0.13636363636363635,2;9;14;19;25;35,44,2.617046132683754,1.4237306037159208,0.09,21;42;48;54;57;63;72;83;98,100
A0A2N3VL42,0.36363636363636365,1;2;4;10;16;20;22;25;26;28;29;31;33;39;40;44,44,2.363689876794815,1.2231237119378815,0.26,1;13;14;16;18;21;25;32;34;35;36;52;53;60;66;68;72;73;74;75;82;87;88;95;96;99,100
A0A2S6AAE1,0.1568627450980392,5;7;11;15;22;23;26;31,51,2.4195451062917708,1.5251972042486208,0.02,3;42,100
A0A2S8BGN3,0.46551724137931033,1;2;3;5;6;8;9;10;11;13;15;16;19;21;22;25;26;27;33;34;35;37;38;39;40;43;44,58,2.285785608291626,1.326301725280484,0.44,10;12;13;14;15;16;17;18;20;21;25;26;29;31;33;34;41;42;43;44;45;48;52;54;55;57;59;61;62;63;64;66;69;73;74;77;78;79;81;88;91;93;99;100,100
A0A2T2Z8U3,0.11904761904761904,7;16;17;20;41,42,2.5258740723133086,1.1561086683539707,0.07,9;19;24;32;33;73;98,100
A0A2U3PHP0,0.46,1;7;8;9;12;13;15;16;17;18;20;23;25;26;27;31;33;35;39;43;44;45;46,50,2.546254073381424,1.1059926866849252,0.93,1;2;3;4;5;6;7;8;9;11;12;13;14;15;17;18;19;20;22;23;24;25;26;27;28;29;32;33;34;35;36;37;38;39;40;41;42;43;44;45;46;47;48;49;50;51;52;53;55;56;57;58;59;60;61;62;63;64;65;66;67;68;69;70;71;72;73;74;75;76;78;79;80;81;82;83;84;85;86;87;88;89;90;91;92;93;94;95;96;97;98;99;100,100
A0A2U9PQ99,0.3902439024390244,2;6;7;9;12;15;17;18;20;23;28;29;31;33;34;36,41,2.7523232245445253,1.1721355877909876,0.63,1;2;3;4;6;7;10;11;12;13;14;16;20;22;25;26;27;29;34;35;37;38;42;44;47;49;50;51;52;53;54;55;56;57;58;60;62;63;65;66;68;69;72;74;76;77;78;80;81;82;83;84;85;87;88;91;92;93;94;96;97;99;100,100
A0A317N4Q8,0.3793103448275862,1;2;3;5;6;8;9;10;13;17;20;26;30;35;36;39;41;42;44;53;55;56,58,2.2180698096752165,1.1448578217433392,0.19,7;10;16;26;29;31;34;36;54;55;57;64;75;85;90;92;93;98;99,100
A0A318HI90,0.2982456140350877,5;7;9;10;12;15;16;19;21;24;26;31;37;38;41;42;50,57,2.2060600125789644,1.3342204319061757,0.28,2;7;13;16;17;20;22;25;31;32;36;39;41;42;47;49;55;61;64;67;70;72;76;77;81;83;92;95,100
A0A318JQK2,0.2391304347826087,1;4;5;15;16;20;21;23;29;32;44,46,2.5372357404232027,1.3556558424573952,0.17,1;3;4;5;9;14;21;22;24;27;28;43;48;52;60;64;83,100
A0A318K9K9,0.4634146341463415,3;6;7;8;9;12;13;14;16;17;18;22;24;27;30;31;33;34;36,41,2.8549056684970857,1.4813585422881996,0.86,1;2;3;4;5;6;7;8;9;10;11;12;13;14;15;16;17;18;19;20;22;23;24;25;26;27;28;29;30;31;32;35;36;37;38;40;41;42;43;45;46;47;48;49;50;51;53;54;55;56;57;60;61;62;63;64;65;67;68;69;70;71;72;73;75;77;78;79;80;81;82;83;84;86;87;88;89;90;91;92;94;95;96;97;98;99,100
A0A345I2A9,0.24324324324324326,8;10;15;18;23;25;30;31;36,37,2.6085771453380584,0.9913594932893897,0.48,3;6;9;18;20;23;24;25;28;30;31;33;34;35;36;37;42;43;44;46;48;50;52;53;54;56;59;60;61;62;65;70;72;73;75;76;80;82;84;85;86;88;95;96;97;98;99;100,100
A0A370HAX8,0.19696969696969696,5;14;18;19;28;33;40;42;43;48;51;62;65,66,1.8281817293167115,1.114945302793993,0.49,1;2;4;6;8;9;11;12;13;15;16;19;20;22;23;30;31;33;35;40;44;47;50;51;52;53;56;61;63;65;69;70;72;76;78;80;81;83;84;87;89;90;91;92;93;95;97;98;99,100
A0A370I000,0.0,,47,2.420752848982811,1.0920933441148586,0.0,,100
A0A370I008,0.5454545454545454,3;4;5;6;10;11;13;14;15;16;17;18;21;24;26;28;29;30;32;33;36;39;40;43,44,2.466199858188629,1.2338545102874467,0.84,2;3;5;6;7;8;9;10;11;13;14;15;16;17;18;19;20;21;22;23;24;25;26;27;29;30;31;32;33;35;36;37;38;39;40;41;42;43;44;45;46;47;48;49;50;51;52;54;55;57;58;60;61;62;64;65;68;69;71;72;73;74;75;76;77;78;79;80;81;82;83;84;85;86;88;89;90;91;92;93;94;97;99;100,100
A0A375YKM9,0.45454545454545453,2;4;5;7;8;11;12;15;16;24;25;28;29;31;36;37;38;41;44;47;48;50;51;54;55,55,2.171877843141556,1.2461059518025934,0.59,1;2;3;4;5;6;8;11;13;14;15;17;18;19;21;23;24;26;27;28;29;30;31;32;35;36;40;41;42;44;46;48;49;51;54;55;58;59;60;61;62;63;64;65;67;68;72;74;75;77;78;79;83;84;86;89;90;95;100,100
A0A375Z3F8,0.15789473684210525,3;5;10;11;20;27,38,2.669455663561821,1.1731875155041136,0.89,1;3;5;6;7;8;9;10;11;12;13;14;15;16;17;18;19;20;21;22;23;24;25;26;27;28;29;30;31;32;33;34;35;36;37;38;39;40;41;42;44;45;46;47;48;49;50;51;52;53;54;55;56;57;58;59;61;62;64;65;66;67;68;69;71;72;73;75;77;78;79;80;81;82;84;85;86;87;88;89;90;92;93;94;95;96;98;99;100,100
A0A378T271,0.23809523809523808,13;15;17;19;21;22;23;29;38;41,42,2.5333340656757355,1.1396428446362308,0.28,4;11;12;13;14;16;17;21;24;26;29;38;40;42;61;63;64;66;68;70;71;75;82;84;87;88;91;96,100
A0A378TAR8,0.17647058823529413,9;11;13;15;17;32,34,2.8071850526332853,1.1330995107908524,0.12,2;18;19;20;50;53;59;60;71;85;86;95,100
A0A378YSF8,0.3389830508474576,2;3;9;10;11;14;18;19;20;24;27;28;32;37;41;45;47;54;55;59,59,2.118583692908287,1.1803549321552618,0.72,2;3;4;5;6;7;8;9;10;11;12;13;14;15;17;18;19;20;21;23;24;25;27;28;29;33;34;35;36;40;41;42;43;44;45;46;47;48;49;50;51;52;53;55;56;59;60;61;62;63;64;65;69;71;72;73;75;76;80;82;83;84;85;86;87;88;89;91;92;93;94;97,100
A0A386ZPG1,0.3018867924528302,1;2;5;6;8;9;12;13;18;19;22;24;27;33;36;45,53,2.275233279466629,1.0187912996437634,0.25,7;16;23;26;35;36;37;46;51;52;54;58;66;67;69;70;72;75;78;87;88;89;91;93;98,100
A0A3A4K4S5,0.15,7;15;16;17;27;34,40,2.634505236148834,1.275821238286656,0.5,3;4;8;9;11;12;13;14;16;18;20;23;25;27;29;31;32;34;38;39;40;41;44;45;46;47;49;51;52;53;54;56;58;61;62;63;66;67;69;73;74;79;80;82;84;91;93;94;96;98,100
A0A3E1HFK0,0.3023255813953488,1;5;9;10;13;16;19;20;21;22;23;28;36,43,2.5892380261421204,1.2682811057708918,0.33,5;6;7;8;10;11;14;16;27;31;34;36;37;39;40;42;44;47;51;54;55;56;60;64;73;75;81;88;92;94;95;99;100,100
A0A3M2L4P9,0.1875,1;9;17;22;27;32,32,2.850420857667923,1.1282009592859028,0.25,7;10;17;18;20;23;24;29;33;35;41;44;48;51;54;56;67;69;73;74;79;86;87;93;97,100
A0A3M2LDY9,0.36363636363636365,1;2;4;5;11;14;17;18;21;22;30;32,33,2.9240914356708525,1.1839419193702123,0.48,1;2;5;8;9;10;11;15;17;18;19;21;23;24;25;26;32;38;41;44;46;51;52;54;56;58;59;60;61;63;64;66;69;71;72;77;80;82;86;87;88;90;93;94;96;97;99;100,100
A0A3Q9KMK0,0.23636363636363636,4;5;6;16;18;25;30;31;34;38;46;48;49,55,2.2711226320266724,1.1686261174943355,0.56,1;2;3;4;5;8;10;15;16;17;19;20;21;22;23;24;29;30;31;32;34;35;36;38;39;43;44;45;47;49;51;54;55;56;57;59;60;61;62;63;64;72;73;74;78;80;81;82;83;85;89;90;91;92;93;94,100
A0A3S3ZSH2,0.05263157894736842,13;33,38,2.675310275554657,1.1909181933970832,0.0,,100
A0A3S4RS92,0.7021276595744681,1;3;5;6;7;8;9;10;11;12;14;15;17;18;19;20;21;22;23;24;25;26;27;28;30;31;34;35;38;42;45;46;47,47,2.4443632912635804,1.072939114593748,0.72,2;3;4;5;6;7;8;9;12;13;14;15;16;17;18;21;22;23;24;25;26;28;29;30;32;33;34;35;36;37;38;40;41;43;44;45;46;47;48;50;51;53;54;55;58;59;61;62;63;64;65;66;68;70;72;73;74;75;77;78;80;81;82;83;85;87;89;90;91;97;98;99,100
A0A401VU81,0.24,6;8;9;13;16;19;29;30;33;35;36;48,50,2.5405533277988432,1.3165694253860534,0.6,1;2;3;4;5;6;7;8;9;10;11;12;13;14;15;16;17;18;22;25;28;29;30;31;32;33;34;37;38;39;42;43;45;47;48;50;53;54;55;58;64;65;66;70;71;72;74;75;76;79;81;83;85;88;90;91;96;97;98;99,100
A0A401YDY7,0.225,1;2;6;15;16;21;27;29;34,40,2.7130155074596405,1.302940658351705,0.31,2;3;4;10;14;17;18;19;20;21;24;27;32;46;51;57;59;60;61;63;70;71;72;74;76;78;79;80;81;96;98,100
A0A401YST3,0.6097560975609756,1;3;4;6;7;8;9;11;12;13;17;19;20;22;29;30;32;33;34;35;36;38;39;40;41,41,2.708688642978668,1.1510721458712028,0.83,1;2;3;4;5;6;7;8;9;10;11;12;13;14;16;18;19;20;21;22;24;25;26;27;28;29;30;31;32;33;34;36;37;38;39;40;41;42;43;46;47;48;49;50;51;52;53;54;55;56;59;60;61;62;63;64;66;67;69;70;71;72;73;77;78;79;80;81;83;84;85;88;89;90;91;92;93;94;95;96;97;98;100,100
A0A426SF14,0.41935483870967744,5;6;8;12;13;14;22;23;24;25;26;27;31,31,2.808485392332077,1.0191684986367582,0.68,2;3;5;6;7;10;11;12;13;14;15;16;17;18;22;23;24;25;27;28;29;30;31;32;36;37;38;39;40;41;45;46;47;50;51;52;53;54;55;59;60;62;63;66;67;68;71;72;74;75;78;79;80;81;82;84;85;86;89;90;91;92;93;94;95;96;97;98,100
A0A438ATK5,0.03333333333333333,12,30,2.980106067657471,1.383784832921079,0.07,13;41;56;57;61;90;97,100
A0A447GD36,0.13636363636363635,7;10;12;22;25;38,44,2.5700109922885894,1.1654567404686371,0.1,21;37;38;61;63;69;88;95;96;97,100
A0A449GAD2,0.21428571428571427,5;6;7;16;20;23;25;29;39;40;42;55,56,2.270195279121399,1.3664995819134076,0.58,2;3;5;7;8;11;12;14;16;17;22;23;26;28;29;30;31;32;33;34;36;38;42;43;46;47;49;50;51;52;54;56;57;58;60;61;64;65;66;69;70;74;75;79;81;82;83;84;85;87;88;91;92;93;95;97;99;100,100
A0A498PZU2,0.6052631578947368,1;2;3;5;7;8;10;11;12;16;17;19;21;25;26;27;28;29;30;31;34;35;36,38,2.831906352043152,1.2001535777707035,0.93,1;2;3;4;5;6;7;8;9;10;11;12;13;14;15;16;17;18;19;20;21;22;23;24;25;26;27;28;29;30;31;32;33;34;35;36;37;38;39;40;41;42;43;44;45;46;47;48;50;51;52;53;54;55;56;57;58;59;60;61;62;63;64;65;66;67;68;69;70;71;72;73;74;75;76;77;78;81;82;83;84;87;88;89;90;91;92;93;94;95;96;99;100,100
A0A498PZZ1,0.7142857142857143,1;2;4;5;6;7;8;9;10;11;12;13;14;15;17;18;20;21;22;23;24;25;26;27;28;29;30;33;34;37;39;40;41;44;45,49,2.438270678520203,1.1827993784596862,0.47,2;3;5;6;11;12;13;14;15;16;19;21;22;23;28;29;30;31;32;35;36;40;41;45;47;48;51;52;53;60;62;68;69;70;74;75;76;78;79;81;86;90;93;96;97;98;100,100
A0A498QQD7,0.42857142857142855,5;14;15;17;22;24;26;28;30;31;32;33;34;36;37;38;39;40;42;43;49,49,2.357402206659317,0.9775942398125195,0.86,1;2;3;4;6;7;8;9;10;11;12;13;14;15;16;17;18;19;20;21;23;24;25;26;27;28;29;30;31;32;33;34;35;36;37;38;39;40;41;42;43;44;46;47;48;49;51;53;54;55;56;57;58;61;62;64;65;66;67;68;70;71;72;73;75;76;77;78;79;80;82;83;85;86;87;88;89;90;91;92;94;95;97;98;99;100,100
A0A4Q7KNW3,0.6904761904761905,1;2;3;4;5;7;8;9;11;12;13;14;15;16;18;20;21;22;24;25;27;29;31;32;33;35;37;41;42,42,2.5618312668800356,1.1302382933607682,0.41,6;10;17;21;23;24;25;32;34;36;37;38;40;42;47;48;50;52;54;56;58;59;60;62;63;66;68;72;75;77;79;80;82;86;87;88;92;97;98;99;100,100
A0A4R1FSR2,0.673469387755102,1;2;3;5;7;8;9;10;12;13;15;16;18;21;22;23;24;25;28;29;30;31;35;36;37;38;40;41;43;44;46;47;49,49,2.532873773574829,1.4364015007696336,0.63,1;2;7;8;10;11;13;14;15;17;18;19;21;22;24;25;26;27;28;30;31;33;34;35;37;39;40;41;42;45;50;51;52;54;55;56;57;58;60;61;63;64;65;66;68;72;73;76;77;79;80;81;82;84;85;87;89;90;91;92;94;96;97,100
A0A4R1FWD7,0.07272727272727272,15;20;46;47,55,2.2379155099391936,1.0438773471840102,0.02,42;82,100
A0A4R5PD40,0.02040816326530612,41,49,2.5067751199007033,1.4190493530689785,0.03,52;67;79,100
A0A4R5WK74,0.05405405405405406,13;18,37,2.831796234846115,1.3540031560665375,0.04,5;29;43;64,100
A0A4R5X5Y0,0.24,6;8;9;11;14;21;23;27;31;32;33;38,50,2.377614747285843,1.0933347450714108,0.15,4;20;21;23;27;29;31;37;38;39;42;65;73;90;96,100
A0A4R6P566,0.2727272727272727,3;9;10;13;19;25;29;30;32;35;36;38;42;45;52,55,2.317380826473236,1.1306603530654478,0.45,1;2;3;6;7;9;10;11;18;19;22;26;27;28;30;34;35;37;38;39;45;46;53;54;56;59;60;61;62;63;64;65;66;68;72;74;75;81;82;86;87;88;94;95;100,100
A0A4R8R2S8,0.0,,57,2.166214907169342,1.3240224784034103,0.0,,100
A0A4R8S1E2,0.017241379310344827,38,58,2.1941505801677703,1.2776684884282519,0.01,86,100
A0A4R8SIE9,0.03508771929824561,21;29,57,2.2734179067611695,1.2774886808007346,0.0,,100
A0A4U8W070,0.0,,40,2.715009015798569,1.138454258274875,0.0,,100
A0A4V3I141,0.07142857142857142,19;25;30,42,2.6552427965402603,1.3472927729220001,0.0,,100
A0A4Z0HRY8,0.6,2;5;8;10;11;12;13;15;16;18;19;20;22;23;24;25;28;30;31;32;33;36;38;39,40,2.580687619447708,1.1285158640358748,0.91,1;2;3;4;5;6;7;8;9;11;12;13;14;15;16;17;18;19;20;21;22;23;24;25;27;28;29;30;31;32;33;34;35;36;37;39;40;41;42;43;44;47;48;49;50;52;53;54;55;56;57;58;59;60;61;62;63;64;65;67;68;69;70;71;72;73;74;75;76;77;78;79;80;81;82;83;84;85;86;88;89;90;91;92;93;94;95;96;97;98;99,100
A0A4Z0HSE6,0.3055555555555556,8;9;13;15;16;17;19;23;27;30;35,36,2.744629155397415,1.1211469027614502,0.4,1;2;3;10;13;14;15;22;24;25;26;27;32;35;37;40;41;42;45;47;50;52;55;63;64;66;67;68;72;73;74;75;76;78;80;84;85;89;91;94,100
A0A4Z0LXD8,0.05128205128205128,16;26,39,2.504478534460068,0.9598196367120048,0.01,93,100
A0A502EC16,0.4117647058823529,6;8;9;10;11;12;13;16;18;19;20;24;28;29;34;37;39;44;47;50;51,51,2.464585869908333,1.3053582003239856,0.63,1;2;3;4;6;7;8;10;11;13;15;16;17;20;21;23;24;25;26;29;31;34;35;38;39;40;41;42;43;44;48;49;50;52;53;54;56;58;59;60;63;64;65;67;69;70;71;72;73;74;76;79;80;82;84;86;87;89;90;91;92;93;97,100
A0A511M4D4,0.34375,1;7;9;12;17;18;21;27;28;32;33;34;35;38;41;42;48;49;55;56;59;60,64,2.1387418729066847,1.2974008120958749,0.83,1;3;4;5;6;7;8;9;10;11;12;13;14;15;17;18;19;20;21;22;23;24;25;26;27;28;29;30;32;33;34;35;37;38;39;40;41;42;43;44;45;48;49;50;51;52;53;54;56;57;59;60;64;65;66;67;68;70;71;72;73;74;76;77;78;79;80;81;82;83;84;85;89;90;91;92;93;94;95;96;97;98;99,100
A0A516NPD0,0.018867924528301886,24,53,2.4032071447372436,1.2574698791823054,0.07,15;47;56;63;76;82;91,100
A0A542DCL6,0.017857142857142856,13,56,2.258586311340332,1.1957923040853797,0.0,,100
A0A542XQI9,0.3673469387755102,1;3;4;7;8;10;11;12;14;16;18;19;20;21;23;27;43;48,49,2.5274136233329774,1.3583742078181458,0.3,2;3;6;8;9;10;12;13;28;30;31;34;40;42;45;46;49;53;59;61;67;71;72;75;80;84;93;94;96;100,100
A0A543EXG0,0.06557377049180328,14;20;29;55,61,1.9694535911083222,1.1357399395440166,0.11,4;15;19;26;33;46;54;58;62;81;90,100
A0A544W0X3,0.15789473684210525,7;9;10;18;27;38;40;44;50,57,2.3282697021961214,1.326743574840444,0.06,27;31;32;41;51;61,100
A0A557XZJ5,0.23333333333333334,4;7;9;11;15;17;24,30,2.8145806896686554,1.0096024655287432,0.23,6;10;12;13;14;15;22;26;27;28;33;43;46;60;62;68;74;77;87;88;90;96;97,100
A0A5B1BH70,0.45098039215686275,1;4;6;8;10;11;12;13;15;19;20;21;25;29;32;35;39;40;42;46;47;48;50,51,2.3029750430583955,1.215091877138599,0.8,1;2;3;4;5;6;7;8;9;10;11;12;13;14;16;17;18;19;20;21;23;24;25;26;27;28;29;30;31;32;33;34;35;37;39;40;41;42;43;44;45;46;47;48;49;50;55;56;57;58;59;60;61;62;64;65;67;69;70;71;73;75;76;78;80;81;82;83;84;85;86;87;88;89;90;91;92;93;98;99,100
A0A5C7YBR3,0.09090909090909091,5;6;13;16,44,2.714237719774246,1.4014555280772232,0.12,7;16;18;41;45;62;69;75;77;84;86;88,100
A0A5J5JW77,0.3939393939393939,7;12;15;16;17;21;23;24;25;26;27;28;31,33,2.463035480976105,0.872683682741028,1.0,1;2;3;4;5;6;7;8;9;10;11;12;13;14;15;16;17;18;19;20;21;22;23;24;25;26;27;28;29;30;31;32;33;34;35;36;37;38;39;40;41;42;43;44;45;46;47;48;49;50;51;52;53;54;55;56;57;58;59;60;61;62;63;64;65;66;67;68;69;70;71;72;73;74;75;76;77;78;79;80;81;82;83;84;85;86;87;88;89;90;91;92;93;94;95;96;97;98;99;100,100
A0A5N0EJT8,0.3333333333333333,3;7;9;13;15;19;29;31;33;38;42;43;44;47;50;54;55;56;57;58;61,63,2.1235428369045257,1.2183091816668008,0.87,1;2;4;5;8;9;10;11;12;13;14;15;18;19;20;21;22;23;24;25;27;28;29;30;31;32;33;34;35;36;37;38;39;40;41;42;43;44;46;48;49;50;51;52;53;54;56;57;58;59;60;61;62;63;64;65;66;67;68;69;70;71;72;73;75;76;77;78;79;80;81;82;83;84;85;87;88;89;91;92;93;94;95;97;98;99;100,100
A0A5N0UWA7,0.34285714285714286,2;3;5;9;13;14;20;24;25;26;28;29,35,2.729698303937912,1.1856273352910534,0.67,1;3;5;6;8;9;10;11;12;13;16;18;20;21;22;23;24;27;28;31;33;34;35;37;39;40;41;42;43;45;46;47;48;49;50;51;52;54;56;57;59;63;64;67;68;69;70;71;72;75;76;77;79;80;81;83;85;86;87;89;91;95;96;97;98;99;100,100
A0A5N5VEC4,0.4857142857142857,1;3;5;6;7;8;9;10;11;13;16;20;22;25;26;27;30,35,2.8178983080387114,1.225338418651941,0.55,1;2;4;6;14;16;17;18;22;23;24;33;34;35;36;38;39;40;41;42;46;47;48;52;53;55;59;62;63;64;65;67;68;69;70;71;72;74;75;76;78;80;83;84;86;88;90;91;92;93;94;96;97;99;100,100
A0A5Q5BJ80,0.10714285714285714,12;16;19;29;43;56,56,2.224258645772934,1.3855186625251552,0.16,22;34;36;37;44;51;53;55;59;65;72;74;82;85;93;99,100
A0A5Q5CFF7,0.1016949152542373,2;14;15;20;22;24,59,2.2010565900802614,1.3560860288575882,0.24,1;3;4;5;7;12;19;21;25;28;29;48;49;52;58;70;75;78;79;80;83;92;97;99,100
A0A5R8NPV3,0.13333333333333333,14;17;20;21;29;31,45,2.5095096015930176,1.0919583903355237,0.01,76,100
A0A5R8PAY8,0.23214285714285715,6;10;15;19;23;25;27;28;29;36;41;42;50,56,2.177653233408928,1.264332961257669,0.07,33;49;60;69;76;86;96,100
A0A5S9NMT1,0.5555555555555556,2;3;5;7;8;10;11;12;14;15;16;19;20;23;25;26;28;29;30;35,36,2.727750713825226,1.1524008786088427,0.12,14;21;24;58;60;61;71;74;75;77;78;96,100
A0A653EJG9,0.09259259259259259,8;14;31;45;52,54,2.267825947403908,1.2890252367141515,0.14,9;20;21;28;29;34;35;54;59;60;68;73;95;99,100
A0A653FAQ0,0.23076923076923078,6;10;11;14;21;22;26;29;38,39,2.787327787876129,1.198419075951409,0.18,7;11;18;27;28;33;39;41;50;51;52;53;68;74;75;79;85;95,100
A0A6A0AQ11,0.14285714285714285,8;10;22;24;27;28,42,2.5722004663944245,1.0242006107666723,0.66,1;2;3;4;5;6;7;8;10;11;12;14;19;20;22;23;24;25;26;27;28;30;31;32;33;35;38;39;40;42;43;44;46;48;49;51;52;54;57;59;60;61;62;63;64;65;66;68;71;72;73;74;76;77;78;79;80;81;85;86;87;88;89;90;92;95,100
A0A6G3SLA6,0.6842105263157895,1;5;6;7;9;12;13;18;19;20;21;22;23;24;25;26;27;28;29;32;33;34;35;36;37;38,38,2.703276914358139,1.156926826389139,0.94,1;2;3;4;5;6;7;8;9;10;11;13;14;15;16;17;18;19;20;21;22;23;24;25;26;27;30;31;32;33;34;35;36;37;38;39;40;41;42;43;44;45;46;47;48;49;50;51;52;53;54;55;56;57;58;59;61;62;63;64;65;66;67;68;69;70;71;72;73;74;76;77;79;80;81;82;83;84;85;86;87;88;89;90;91;92;93;94;95;96;97;98;99;100,100
A0A6G9XS88,0.3055555555555556,6;9;13;15;21;23;24;25;31;34;35,36,2.715207554101944,1.1713920611768118,0.2,2;10;12;13;21;22;23;24;27;33;34;36;40;47;49;55;68;77;93;96,100
A0A6G9XT36,0.5849056603773585,1;2;4;5;6;7;8;11;12;13;14;18;20;21;23;25;26;28;30;31;32;34;35;38;39;43;44;45;46;47;50,53,2.2104691165685653,1.198220256095292,0.85,1;2;3;5;6;7;8;9;10;11;12;13;14;15;16;17;18;19;20;21;22;24;25;26;27;28;29;30;32;33;34;35;36;37;38;39;40;43;44;45;46;47;48;49;51;52;53;56;57;58;59;60;61;62;63;64;65;66;67;69;70;71;72;73;74;75;76;77;78;79;80;82;83;84;85;86;88;89;90;92;93;96;97;98;100,100
A0A6G9YNU3,0.30434782608695654,3;11;12;25;28;31;34;35;38;39;40;42;43;44,46,2.6149959850311277,1.2713481433041967,1.0,1;2;3;4;5;6;7;8;9;10;11;12;13;14;15;16;17;18;19;20;21;22;23;24;25;26;27;28;29;30;31;32;33;34;35;36;37;38;39;40;41;42;43;44;45;46;47;48;49;50;51;52;53;54;55;56;57;58;59;60;61;62;63;64;65;66;67;68;69;70;71;72;73;74;75;76;77;78;79;80;81;82;83;84;85;86;87;88;89;90;91;92;93;94;95;96;97;98;99;100,100
A0A6G9Z0E6,0.07142857142857142,33;35;50;54,56,2.0118247282505037,1.1231934702288833,0.66,3;4;7;8;10;11;12;13;14;19;20;23;25;26;27;28;29;30;31;32;33;34;38;40;41;42;44;45;46;48;49;50;51;52;53;55;57;61;62;66;68;70;71;72;73;76;77;78;79;80;81;84;85;86;87;88;89;90;91;92;93;94;95;96;97;100,100
A0A6G9Z2E5,0.125,1;13;14;19;30,40,2.560250564813614,1.1333580943463162,0.03,38;61;74,100
A0A6H0S7C9,0.16666666666666666,1;3;4;11;14;15;23;41,48,2.4236498510837556,1.3884558599970336,0.11,1;43;55;56;62;69;70;72;87;89;95,100
A0A6I3L2J0,0.16981132075471697,11;13;16;24;30;32;35;42;48,53,2.283630303144455,0.9828400432389185,0.59,1;4;5;6;7;10;11;12;14;17;18;19;21;22;27;28;29;32;33;34;36;41;43;44;47;49;50;52;53;54;57;58;59;60;62;63;64;65;66;67;69;75;76;77;78;79;80;81;83;84;86;87;90;91;92;94;95;98;99,100
A0A6J5A950,0.1,2;8;28;37,40,2.82226815700531,1.5048833060805338,0.03,57;72;86,100
A0A6N4URH6,0.18181818181818182,4;10;11;13;21;25,33,2.946713263988495,1.2776198941344543,0.15,17;34;37;49;51;53;58;66;70;75;77;83;87;89;96,100
A0A6N4VDZ9,0.20689655172413793,2;3;4;6;7;8;14;15;27;47;52;57,58,2.0618183928728104,1.1915900428729727,0.09,16;39;43;46;61;66;87;97;99,100
A0A6P1D575,0.06,5;16;46,50,2.3193738478422166,1.175710139309403,0.06,14;15;23;29;48;85,100
A0A6S6P6D8,0.24489795918367346,5;8;10;12;13;15;19;22;24;32;41;45,49,2.502282294034958,1.2564164904144763,0.23,10;14;15;18;20;22;23;24;26;27;31;42;48;54;66;67;79;81;82;88;95;96;97,100
A0A7D6E1I6,0.4473684210526316,2;8;10;12;16;19;21;22;23;24;25;29;32;33;34;36;37,38,2.7162387734651565,1.136129570820732,0.36,1;3;8;10;18;20;21;22;24;27;30;33;38;39;40;42;45;46;47;52;56;62;65;70;74;75;77;78;81;82;85;90;92;95;97;100,100
A0A7D6ZHA2,0.0847457627118644,7;28;42;44;54,59,2.233080815076828,1.170398681388449,0.06,34;39;48;50;82;97,100
A0A7G1KQI6,0.30952380952380953,1;5;6;8;11;13;14;27;28;30;32;37;42,42,2.5702200400829316,0.991752923697383,0.31,3;6;12;17;20;21;28;30;32;40;48;49;52;53;54;56;59;60;62;65;68;74;75;85;86;88;89;91;95;98;99,100
A0A7G8PH04,0.24,9;13;16;18;19;21;25;28;31;35;40;46,50,2.4664054918289184,1.4483289266187656,0.17,1;5;8;17;33;38;47;51;53;55;63;65;68;74;78;83;99,100
A0A7G8PH05,0.4782608695652174,2;3;4;5;7;8;10;11;12;18;20;21;22;23;31;32;35;38;39;41;44;45,46,2.56016223013401,1.3335066050247455,0.4,1;2;4;6;10;11;13;15;17;18;19;23;27;29;32;33;34;36;37;48;49;51;52;54;55;57;61;64;65;68;72;81;83;86;91;93;94;95;97;99,100
A0A7H0I6F1,0.55,1;4;5;6;7;10;12;14;16;17;18;19;20;22;24;27;28;30;31;32;36;37,40,2.7644876408576966,1.2691380156448682,0.52,1;3;4;7;9;10;11;13;14;15;20;22;23;24;25;26;27;28;37;38;39;43;46;47;48;51;54;55;57;59;60;61;63;64;65;68;70;72;74;75;76;77;81;83;85;87;90;91;93;96;97;100,100
A0A7I7JNU6,0.45161290322580644,3;5;7;11;12;14;16;17;19;21;22;27;29;31,31,2.8187861585617067,1.1530194083872296,0.94,1;3;4;5;6;7;8;9;10;11;12;14;15;16;17;18;19;20;21;23;24;25;26;27;28;29;30;31;32;33;34;35;36;37;38;39;40;41;42;43;44;45;46;47;48;49;51;52;53;54;55;56;57;58;59;60;61;62;63;64;65;66;67;68;70;71;72;73;74;75;76;77;78;80;81;82;83;84;85;86;87;88;89;90;91;92;93;94;95;96;97;98;99;100,100
A0A7I7LJC3,0.5294117647058824,1;6;9;10;11;12;14;15;16;17;18;22;25;28;29;31;33;34;37;38;39;40;41;42;45;46;51,51,2.423221220970154,1.3471981396167014,0.5,3;5;7;8;9;10;11;12;15;16;19;21;23;24;25;28;30;32;35;36;37;40;41;42;43;44;45;47;52;53;54;56;59;64;65;66;68;69;72;75;79;80;85;86;87;89;90;95;98;100,100
A0A7I7MPF4,0.37209302325581395,2;4;7;8;10;11;12;14;17;18;22;23;29;32;34;40,43,2.63691759288311,1.422104271245271,0.27,1;3;4;6;7;8;12;22;27;28;29;30;34;35;40;44;48;49;56;57;58;63;65;74;75;85;100,100
A0A7I7Q331,0.6730769230769231,3;4;5;6;7;9;10;11;14;15;16;17;18;19;20;21;22;23;26;27;28;30;31;35;36;37;38;39;41;43;44;49;50;51;52,52,2.3292341768741607,1.1119922611376134,0.85,1;2;3;4;5;6;7;8;9;10;11;12;13;14;15;16;17;18;19;20;21;22;23;25;26;27;28;30;31;32;33;34;36;38;39;41;43;45;46;47;48;49;50;52;53;54;55;56;57;58;59;60;61;62;63;64;65;66;67;68;69;70;71;73;74;75;76;77;78;81;82;83;84;85;86;87;88;90;91;92;94;95;96;99;100,100
A0A7I7Q4Z2,0.09523809523809523,8;32;34;42,42,2.530749477148056,1.0821615321375189,0.41,1;3;8;10;13;14;15;17;18;19;23;24;25;27;33;35;36;43;44;49;51;56;57;58;62;64;65;66;71;74;75;77;78;82;86;89;91;93;94;95;96,100
A0A7I7QL20,0.2,2;3;5;8;15;16;17,35,2.904789891242981,1.3089977192270994,0.29,4;5;6;8;13;16;19;21;23;29;34;43;48;49;50;51;52;53;57;63;65;67;74;80;81;83;91;94;97,100
A0A7I7R3J2,0.02127659574468085,10,47,2.568913218975067,1.3109340477270874,0.02,74;80,100
A0A7I7RZ78,0.0975609756097561,14;19;25;29,41,2.6672033977508547,1.2791296377321413,0.15,4;5;10;12;15;25;36;40;47;56;62;76;77;79;85,100
A0A7I7S1X3,0.0975609756097561,8;12;20;40,41,2.4832014667987825,1.3224238036623817,0.06,42;53;60;63;95;96,100
A0A7I7SXJ5,0.04918032786885246,6;10;44,61,2.244204185605049,1.4501458251498411,0.04,58;64;87;89,100
A0A7I7TD11,0.33962264150943394,1;4;7;11;12;13;15;17;20;21;22;27;34;35;38;44;48;52,53,2.314792958498001,1.259482708646428,0.46,1;2;3;7;9;11;14;15;18;21;22;24;25;26;33;34;35;36;39;43;48;50;51;52;53;54;59;62;63;64;69;70;72;73;74;75;84;86;87;88;89;92;94;97;98;99,100
A0A7I7UBW3,0.5111111111111111,1;2;3;4;7;11;13;15;17;20;22;26;28;29;31;32;34;35;36;38;40;42;44,45,2.7177498078346254,1.324546797011957,0.68,1;3;5;6;7;8;9;12;13;14;15;16;17;19;20;21;22;23;24;27;28;29;30;31;34;35;36;38;39;41;42;43;45;46;47;48;49;50;51;54;55;56;57;59;60;61;62;63;69;71;73;75;76;77;78;79;80;81;85;87;88;90;91;94;96;97;99;100,100
A0A7I7VZ71,0.0,,54,2.4943630266189576,1.4629263818964575,0.0,,100
A0A7I7X9D1,0.0,,37,2.882419499158859,1.3189161909848695,0.0,,100
A0A7I7X9S2,0.5283018867924528,3;4;5;7;8;9;10;11;14;15;16;18;19;22;28;29;30;35;37;40;41;42;46;47;48;50;51;52,53,2.22927638232708,1.2479707029126748,0.75,1;2;3;4;5;6;7;10;11;12;13;14;15;16;18;19;20;23;24;25;26;27;28;29;30;31;32;33;34;35;36;37;38;39;40;41;42;43;45;47;48;50;51;52;54;57;59;60;61;62;63;65;66;68;69;70;71;73;75;76;77;78;79;82;85;86;87;88;89;90;91;93;98;99;100,100
A0A7I7XP41,0.075,8;17;25,40,2.6755595278739928,1.0887425446949541,0.07,13;19;36;55;88;90;94,100
A0A7I7XXG0,0.5909090909090909,3;4;7;8;9;10;11;12;13;18;19;21;25;27;28;29;31;32;33;34;36;37;38;39;42;43,44,2.5835851192474366,1.1253833994455325,0.6,2;5;6;7;10;12;14;15;16;18;20;21;22;24;27;28;29;30;34;35;37;38;39;40;42;43;45;47;48;49;50;51;52;56;59;60;61;63;64;65;66;67;68;71;72;73;77;78;79;86;87;88;91;92;93;94;95;96;97;99,100
A0A7I9WQZ1,0.2558139534883721,1;4;7;9;11;13;20;21;22;25;30,43,2.61165936589241,1.0734194178624852,0.24,8;10;13;18;25;26;29;31;32;35;40;52;53;54;60;63;66;75;78;79;82;90;92;100,100
A0A7I9XMW5,0.4915254237288136,1;2;7;8;11;12;13;14;16;17;18;25;26;27;28;29;33;36;37;39;41;43;46;48;49;54;56;58;59,59,2.195112136602402,1.3641223797415754,0.76,1;2;3;4;5;6;7;8;9;10;14;15;16;17;18;19;20;24;25;27;28;29;30;31;34;35;37;40;41;42;43;44;45;46;47;49;51;52;53;54;55;56;57;58;59;60;61;62;65;66;67;69;70;71;73;74;75;76;77;78;79;81;83;84;85;86;87;89;92;93;95;96;97;98;99;100,100
A0A7I9YES0,0.2903225806451613,4;6;11;12;18;19;23;25;28,31,2.841224149465561,1.1573445595419525,0.97,1;2;3;4;5;6;7;8;9;10;11;13;14;15;16;17;18;19;20;21;22;23;24;25;26;27;28;29;30;31;32;33;34;35;37;38;39;40;41;42;43;44;45;46;47;48;49;50;51;52;53;54;55;56;57;58;59;60;61;62;63;64;65;66;67;68;69;70;71;72;73;74;75;76;77;78;79;80;81;82;83;85;86;87;88;89;90;91;92;93;94;95;96;97;98;99;100,100
A0A7I9YMY6,0.22857142857142856,5;13;18;20;22;24;28;32,35,2.905427883863449,1.2218419897859358,0.39,1;8;9;11;13;14;19;21;25;28;32;34;44;46;47;50;53;54;57;58;62;63;65;66;67;68;69;70;74;78;81;82;85;87;90;93;94;97;100,100
A0A7I9Z5A6,0.07692307692307693,3;23;27;48,52,2.310815948843956,1.20230982694072,0.71,1;2;3;4;5;6;7;8;9;11;12;13;14;15;16;18;19;20;21;22;28;29;31;32;35;36;37;38;39;40;41;42;44;45;46;48;49;50;51;52;53;55;56;58;59;60;63;64;65;66;68;69;70;71;76;77;79;80;81;84;85;86;87;88;89;90;91;94;95;98;100,100
A0A7I9Z705,0.13636363636363635,1;2;6;12;27;44,44,2.60226441860199,1.2035048643949153,0.12,7;13;18;44;46;56;70;73;80;92;95;96,100
A0A7I9ZAR1,0.018518518518518517,23,54,2.4632935178279878,1.4962764840311094,0.64,1;2;3;4;5;6;7;10;16;18;19;20;21;22;23;25;26;28;29;31;32;33;34;35;37;39;42;43;44;45;46;47;48;49;50;52;55;56;58;59;60;61;63;64;65;66;67;68;71;72;73;76;77;78;79;84;85;89;90;91;96;97;99;100,100
A0A7K0D4H1,0.14285714285714285,7;17;19;22;39;41;44,49,2.4652301770448686,1.3309840153222703,0.13,20;24;40;48;51;54;57;58;74;77;82;87;92,100
A0A7K1VB93,0.35,4;5;7;8;12;13;14;16;17;20;21;22;35;40,40,2.4500156486034395,0.9072692285886335,0.13,12;13;26;37;48;59;62;64;65;68;70;80;93,100
A0A7K3LE40,0.6666666666666666,1;2;4;5;7;9;10;12;14;18;20;22;23;24;25;26;27;28;30;32;33;35;36;37;38;39;40;42;43;44;46;48,48,2.491676870584488,1.1266234770216637,0.85,1;2;3;4;6;7;8;9;10;11;12;13;14;15;16;17;18;19;20;24;26;27;28;29;30;32;35;36;37;38;39;40;41;42;43;44;45;46;47;48;49;50;51;52;53;55;56;58;59;60;61;62;63;64;65;67;68;69;70;71;72;73;74;75;76;77;78;79;82;83;84;85;86;87;88;89;92;93;94;95;96;97;98;99;100,100
A0A7R7MY24,0.09523809523809523,7;13;27;29,42,2.4963883852958677,1.0896171614770116,0.26,10;11;13;19;20;24;25;28;29;32;35;36;47;50;56;57;59;78;83;86;87;90;94;95;99;100,100
A0A7T1TD85,0.15789473684210525,23;25;28;32;33;37,38,2.772901428937912,1.1648277625253847,0.12,12;22;36;45;48;49;58;66;79;87;94;100,100
A0A7U5RWM8,0.475,3;4;5;6;7;11;14;16;17;19;23;26;27;28;31;32;37;39;40,40,2.649237103462219,1.035751398290971,0.58,3;4;5;6;13;15;16;19;20;25;26;28;29;31;32;33;34;36;37;38;39;42;43;45;48;49;50;52;53;55;57;59;60;61;62;64;65;66;67;68;69;70;71;72;74;76;77;81;82;85;86;89;90;93;95;97;98;100,100
A0A7U5RXC1,0.0,,63,2.1911978548765183,1.329189223136731,0.0,,100
A0A7U9Q384,0.2,5;8;24;26;31;34;38;42;44,45,2.472947899103165,1.177878541789415,0.47,1;2;4;6;9;11;18;19;22;25;26;27;31;34;36;37;38;40;43;44;46;47;48;49;51;52;59;60;62;66;67;69;70;71;78;79;80;81;82;85;86;91;92;94;95;96;99,100
A0A7V8RXZ3,0.6666666666666666,1;3;4;5;6;9;10;12;13;14;16;17;19;20;21;23;24;25;26;27;29;30;31;33;35;38,39,2.841516122817993,1.2475546235873431,0.78,1;2;3;4;6;7;8;9;10;11;12;13;14;15;16;18;19;20;21;23;24;26;27;28;30;31;32;34;35;36;37;38;39;40;41;42;43;44;45;46;47;48;49;51;52;53;54;55;56;57;58;60;61;64;66;69;70;71;72;73;74;75;76;77;78;80;81;82;84;85;86;87;88;90;91;96;99;100,100
A0A7V8RYM6,0.0196078431372549,3,51,2.3711467850208283,1.196555632557338,0.01,29,100
A0A7W6BWA9,0.10606060606060606,12;19;24;31;37;50;54,66,1.9592869824171066,1.0749802378739974,0.29,4;6;7;9;18;20;24;29;34;36;49;55;57;61;63;68;70;71;78;79;80;81;85;87;89;91;94;95;99,100
A0A7W9NKR9,0.3484848484848485,1;7;8;10;15;18;20;26;30;31;32;33;37;39;40;47;50;54;56;57;61;62;66,66,1.9693009901046752,1.2226644177138626,0.66,2;3;4;5;6;8;9;10;12;13;14;15;16;17;18;19;23;24;25;26;28;30;31;32;33;34;35;36;38;41;42;43;44;48;50;51;52;55;57;60;61;62;64;66;67;68;69;70;73;74;75;77;78;80;83;84;85;86;87;88;89;90;94;95;97;99,100
A0A7X5R533,0.29545454545454547,1;8;9;14;24;25;28;29;33;35;39;40;44,44,2.648062473535538,1.263211305430305,0.32,1;3;5;11;12;14;16;18;20;21;25;29;38;39;44;45;49;50;53;54;55;57;58;59;64;65;72;77;92;93;95;96,100
A0A7X5TUU1,0.35294117647058826,3;7;8;12;14;15;17;20;26;31;36;37;39;42;43;44;49;51,51,2.402415775060654,1.293375411486475,0.74,1;2;3;4;6;7;8;9;11;12;13;14;15;17;18;19;20;21;22;24;25;26;27;28;29;30;32;33;34;36;37;39;41;42;45;47;48;49;51;53;54;55;56;58;60;61;62;63;64;65;66;68;69;70;71;72;76;77;79;80;82;83;84;85;86;89;90;91;92;93;94;95;97;98,100
A0A7X6M5C6,0.05555555555555555,3;6;21,54,2.1689026242494585,1.0708186834114617,0.01,66,100
A0A7X6MIZ0,0.5806451612903226,1;2;3;7;8;9;10;13;15;16;17;18;19;21;23;29;30;31,31,2.809745754003525,1.1480387463270534,0.85,1;2;3;4;6;7;8;9;11;12;13;14;16;17;18;19;20;21;22;23;24;25;26;27;28;30;31;32;33;34;35;36;37;38;39;40;41;42;44;45;47;48;49;50;51;53;54;55;56;59;60;62;63;65;66;67;68;69;70;71;72;73;74;75;77;78;79;80;81;82;83;84;85;86;89;90;92;93;94;95;96;97;98;99;100,100
A0A7X6MKH2,0.24444444444444444,5;8;18;19;26;27;34;38;39;40;45,45,2.523971274495125,1.232155464704666,0.33,1;7;15;16;17;20;26;27;29;33;39;41;42;43;45;50;51;56;57;59;61;62;66;67;69;73;80;83;84;85;87;88;99,100
A0A7X6R1D2,0.23404255319148937,3;4;10;13;19;24;26;29;35;44;47,47,2.4210559225082395,1.2172148315948386,0.43,2;3;5;7;12;13;16;24;27;28;30;31;33;35;36;37;40;41;42;53;57;58;59;60;63;65;66;67;71;72;76;77;80;84;85;88;89;92;93;94;98;99;100,100
A0A7Y9XV54,0.08571428571428572,11;13;16,35,2.959638038277626,1.3824678186951056,0.34,15;17;33;45;50;51;58;61;62;63;65;69;70;72;73;74;75;76;77;78;80;81;82;83;85;86;87;90;91;92;93;96;99;100,100
A0A7Z7ILT5,0.40425531914893614,4;6;7;8;9;16;19;20;22;24;27;30;33;34;35;36;42;43;44,47,2.4901147305965425,1.3646056649762857,0.75,5;6;7;8;10;11;12;14;15;16;17;18;20;21;23;24;27;28;29;30;32;33;34;35;36;37;39;40;41;42;43;44;46;47;49;50;51;52;54;55;56;58;59;60;61;65;66;67;68;71;72;73;74;75;76;78;79;80;81;83;84;85;86;87;88;89;90;91;92;95;96;97;98;99;100,100
A0A829HQL8,0.08333333333333333,28;29;31;37;59,60,2.206769506931305,1.2405598189168232,0.04,18;22;39;45,100
A0A829MDQ7,0.6875,1;2;3;4;5;6;7;9;12;14;15;16;17;18;19;20;21;22;23;24;29;30;32;33;34;36;37;39;41;42;43;45;46,48,2.3870220589637756,0.9975146793636469,0.67,1;3;4;5;6;8;9;10;12;13;14;15;19;21;22;23;24;26;27;28;29;30;31;32;33;39;40;43;44;46;47;48;49;50;52;54;55;56;57;58;59;60;64;65;66;67;68;69;71;72;73;74;75;77;81;83;84;85;87;88;89;90;91;92;96;98;100,100
A0A829PKA2,0.01694915254237288,17,59,2.1811451798677446,1.2429313890219464,0.02,8;83,100
A0A829PS24,0.4864864864864865,2;6;7;10;14;17;19;20;21;22;23;26;29;30;32;33;34;36,37,2.6506626522541046,1.030585975516572,0.89,1;2;4;5;6;7;8;9;11;12;13;14;15;17;18;19;20;21;22;23;24;25;26;27;28;29;30;31;32;33;34;35;37;39;40;41;42;43;44;45;46;47;48;50;52;53;54;55;56;57;59;60;61;62;63;64;65;66;68;70;72;73;74;75;76;77;78;79;80;81;82;83;84;85;86;87;88;89;90;91;92;93;94;95;96;97;98;99;100,100
A0A829Q1V2,0.7111111111111111,1;3;4;5;6;7;8;9;10;12;13;16;17;18;20;21;22;24;25;26;27;30;32;33;34;35;36;38;39;41;43;45,45,2.539567596912384,0.9882740759414895,0.85,1;2;3;4;5;6;7;8;9;10;11;12;13;14;16;17;18;19;20;22;23;24;25;26;27;28;29;30;32;33;34;35;36;37;38;39;40;41;42;43;44;45;46;49;50;51;52;53;54;56;57;58;59;61;62;64;65;67;68;70;72;73;75;78;79;80;81;83;84;85;86;87;88;89;90;91;92;93;94;95;96;97;98;99;100,100
A0A829QF13,0.25,9;11;13;15;19;23;27;29;33,36,2.928068118095398,1.1886769659823826,0.14,8;13;21;38;45;46;50;51;63;68;89;90;93;100,100
A0A829QKT7,0.023809523809523808,9,42,2.5969120502471923,1.2158616029923641,0.0,,100
A0A839Q3V9,0.09836065573770492,3;26;32;40;49;59,61,2.0963164126873015,1.1774039245095353,0.06,4;13;44;77;91;95,100
A0A846VZQ1,0.15384615384615385,8;29;38;41;44;47;50;51,52,2.328922145366669,1.0158323547210117,0.4,2;3;5;7;9;13;18;19;25;26;28;31;32;34;35;36;39;40;41;47;54;57;58;59;61;65;66;69;71;78;83;86;88;90;93;94;95;96;97;98,100
A0A846XPH2,0.8604651162790697,2;3;4;5;6;7;8;9;10;11;12;13;14;15;16;17;18;19;21;23;24;25;26;27;29;30;31;32;33;35;36;37;38;40;41;42;43,43,2.498336979150772,1.1709691490888872,0.65,1;2;4;6;7;9;10;11;12;13;14;15;16;17;18;19;21;22;23;24;25;26;28;31;32;34;35;38;40;42;44;50;51;52;53;55;58;59;60;61;62;63;65;66;67;68;70;71;75;76;78;79;82;84;85;86;87;89;91;93;94;95;96;99;100,100
A0A846XYC4,0.4090909090909091,3;4;5;8;11;13;14;15;16;18;20;21;22;25;27;30;40;41,44,2.5451046389341356,1.2688504024731513,0.92,1;2;3;4;5;6;7;8;9;10;11;12;13;14;15;16;17;18;19;20;21;22;23;24;25;26;27;28;29;30;31;32;33;35;36;37;38;39;40;41;42;43;44;45;46;47;48;49;50;51;52;53;54;55;56;57;58;59;60;61;62;64;65;66;67;68;69;71;72;73;74;75;76;77;78;79;81;82;83;84;85;86;87;88;89;91;92;93;95;96;97;100,100
A0A848KDK6,0.29310344827586204,2;8;9;10;12;14;15;18;23;24;28;38;40;41;44;53;54,58,2.169837099313736,1.125404361835802,0.72,1;2;3;4;6;7;8;9;10;11;12;14;15;16;17;18;19;20;21;22;23;24;26;27;28;29;32;36;39;40;41;42;43;44;45;46;49;50;53;54;55;57;58;59;60;61;62;63;65;68;70;71;73;74;76;77;78;80;81;82;83;84;85;89;90;91;94;95;97;98;99;100,100
A0A849CGR7,0.01694915254237288,39,59,2.147618240118027,1.1550934856648412,0.02,21;64,100
A0A850PMX4,0.2777777777777778,1;5;8;15;16;22;30;32;33;35;37;40;41;51;54;55;57;63;69;71,72,1.828678196668625,0.9637374436891772,0.17,3;12;16;17;19;26;37;47;52;57;61;72;78;79;91;92;93,100
A0A853LXB5,0.0,,49,2.54169909119606,1.2469160484138988,0.0,,100
A0A853LYQ8,0.11320754716981132,1;17;18;20;25;29,53,2.2984343612194063,1.2234659710487212,0.06,2;42;46;61;94;96,100
A0A8E2LPD0,0.5918367346938775,5;7;8;10;11;15;17;20;21;22;23;24;25;27;28;29;30;31;32;33;35;36;37;40;41;42;44;46;47,49,2.485604461431503,1.0762080926997089,0.87,2;3;4;5;7;8;9;10;11;12;13;14;15;16;17;18;19;20;21;22;23;24;25;26;28;29;30;31;32;33;34;35;36;37;38;39;40;41;43;44;45;46;47;48;49;50;51;52;53;55;56;57;58;59;60;61;62;63;64;65;66;69;70;71;72;74;75;76;77;78;79;80;81;82;83;84;85;88;89;90;92;93;94;97;98;99;100,100
A0A8H2PI19,0.22916666666666666,4;6;7;10;13;16;23;29;32;33;40,48,2.5422856605052946,1.2723896753389092,0.21,1;4;7;15;22;24;33;42;43;45;52;53;60;78;79;80;81;82;84;90;98,100
A0A8J3FU84,0.3157894736842105,1;4;11;13;14;15;16;17;18;25;28;38,38,2.681557354927063,1.108151973797071,0.42,2;3;6;8;10;11;13;16;23;24;25;26;27;31;35;36;41;42;46;48;49;50;52;53;56;59;62;64;66;68;69;70;79;80;83;85;88;89;93;97;98;100,100
A0A8J4A7U7,0.46153846153846156,4;5;6;7;8;10;12;13;14;16;17;24;25;27;29;31;32;34;35;36;37;38;40;48,52,2.3182895147800444,1.1573703865164704,0.48,1;2;3;4;6;7;8;9;10;11;12;13;14;15;18;19;20;21;23;24;25;29;33;34;35;36;40;45;46;50;51;53;54;58;60;61;66;68;74;83;84;85;87;88;90;97;98;100,100
A0A917FVC2,0.05555555555555555,7;16,36,2.7438381659984588,1.3358067510618183,0.11,3;8;9;10;13;20;27;29;46;56;98,100
A0A917RUF6,0.3958333333333333,1;5;9;10;18;21;22;23;24;25;27;29;30;32;34;40;41;45;47,48,2.713523083925247,1.3202402552735426,0.76,1;2;3;4;7;9;10;12;13;15;17;18;20;21;22;23;24;25;27;28;29;30;31;32;33;34;36;37;38;39;40;41;42;43;44;45;47;48;49;50;51;52;53;54;56;57;58;60;62;63;66;67;69;70;71;73;74;75;76;77;78;79;80;81;82;84;85;87;90;94;95;96;97;98;99;100,100
A0A919J5R3,0.3384615384615385,5;18;20;24;26;28;30;31;33;34;40;42;43;48;50;51;55;56;60;61;63;64,65,2.049004856348038,1.064271468329233,0.45,1;2;3;7;8;12;13;14;15;16;20;22;24;25;27;30;31;32;33;36;37;42;46;48;49;51;53;56;57;60;61;64;65;68;70;72;75;79;83;87;88;92;95;97;99,100
A0A927JBF8,0.3939393939393939,2;3;6;7;8;12;15;17;18;26;27;28;30;32;34;35;36;37;38;39;48;49;51;56;58;66,66,2.0257579028606414,1.2238882618245255,0.34,1;2;3;16;17;25;31;33;38;39;40;41;42;43;45;46;47;49;50;51;52;55;57;59;63;67;68;70;72;73;80;81;82;97,100
A0A927MND6,0.625,2;3;4;5;7;8;9;10;12;13;15;17;18;19;20;22;24;25;27;31,32,2.700090959072113,1.0955304210635863,0.86,1;2;3;4;5;6;7;8;9;10;11;12;13;14;15;16;17;18;20;21;22;24;25;26;27;28;29;31;32;33;34;35;36;37;38;39;40;41;42;43;45;46;47;48;49;50;52;53;54;56;58;59;60;61;62;63;64;65;67;68;69;70;71;72;74;75;76;78;79;80;82;83;85;86;87;88;89;91;92;93;94;95;96;97;98;99,100
A0A934NT38,0.8181818181818182,1;2;3;5;6;7;8;9;10;11;12;13;14;16;17;18;19;20;21;22;23;24;25;26;27;29;30;31;33;34;35;36;37;38;39;40;41;42;43;44;46;47;49;50;53,55,2.022691842317581,0.6975997850680825,0.91,1;2;3;4;5;6;7;8;9;10;11;12;13;14;15;16;17;18;19;20;21;22;23;24;25;26;27;28;29;30;31;32;33;34;35;36;37;38;39;40;41;42;43;44;45;46;47;48;50;52;54;55;56;57;58;59;60;61;62;63;64;65;66;67;68;69;70;71;72;74;75;76;77;78;79;80;81;82;84;86;87;88;89;91;92;93;95;96;98;99;100,100
A0A939FJS2,0.0,,42,2.438878800868988,0.9883533445881248,0.0,,100
A0A975JWU9,0.45,7;9;11;12;13;14;18;21;23;24;25;27;29;30;32;34;38;39,40,2.6556188797950746,1.1664969086104857,0.66,2;3;4;5;7;9;10;11;13;14;15;16;17;19;21;24;25;26;27;28;29;30;31;32;33;34;35;39;40;41;42;43;44;45;46;50;51;53;55;56;58;59;61;66;67;69;70;72;73;74;75;76;79;80;81;84;85;88;89;91;93;94;95;96;97;99,100
A0A9N7QL79,0.3157894736842105,3;5;8;9;12;16;20;21;24;26;32;36,38,2.6811273455619813,1.1073906791947088,0.33,3;4;15;16;18;21;22;26;31;38;39;40;42;47;50;54;57;58;62;65;66;67;71;72;74;77;79;83;85;86;88;89;92,100
A0A9N7QNJ2,0.2894736842105263,1;3;6;11;13;14;22;26;31;33;36,38,2.5965219640731814,1.1218398723152168,0.17,2;8;13;14;24;27;31;34;35;36;51;67;68;75;78;96;100,100
A0A9P3UYS2,0.5,2;5;7;9;10;12;14;15;17;18;19;20;21;23;24;25;30;34;35;38;42,42,2.5049329006671908,1.0288446220824385,0.51,2;3;4;5;6;7;10;11;12;15;17;19;21;22;23;24;25;28;29;30;32;34;36;37;39;41;44;46;50;51;52;59;60;64;65;66;68;69;74;75;76;80;82;84;89;90;92;93;94;95;96,100
A0A9Q7SI49,0.05357142857142857,33;43;55,56,2.148559674024582,1.2379505531090846,0.02,8;74,100
A0A9X2E3D3,0.11666666666666667,29;37;38;40;46;47;51,60,1.9904390501976013,1.199194633430908,0.7,1;2;3;4;5;6;7;8;9;10;11;12;13;14;15;17;19;20;21;22;24;25;26;29;30;31;33;34;35;36;38;40;41;42;43;44;46;47;48;49;50;52;53;54;55;56;58;59;62;63;64;65;67;69;70;75;76;77;78;82;84;86;87;88;89;90;91;92;94;95,100
A0A9X2YIQ0,0.07936507936507936,2;6;12;23;39,63,1.9983882522583007,1.3044894783292278,0.46,1;5;6;7;8;11;14;15;17;18;19;20;21;22;27;29;32;33;36;41;43;45;47;49;56;58;63;65;66;70;71;72;73;74;78;82;83;85;86;88;89;93;95;98;99;100,100
A0A9X2Z2J6,0.3125,6;10;17;18;19;20;25;28;29;32,32,2.758340359926224,1.0002692476829333,0.63,1;2;3;5;6;9;10;11;12;13;15;17;18;20;21;22;23;24;26;29;30;31;32;33;34;36;38;39;40;43;44;45;46;51;52;55;56;58;60;61;63;64;68;69;72;73;76;77;78;80;81;84;85;86;88;91;92;93;94;95;96;98;100,100
A0A9X3C2T0,0.28888888888888886,3;4;6;8;9;10;16;17;19;22;31;32;37,45,2.5492894423007963,1.1157167709589475,0.23,2;4;9;16;20;22;25;26;37;38;44;52;53;65;74;76;81;82;85;88;95;96;99,100
A0A9X7ILG2,0.5142857142857142,3;7;9;11;12;13;15;17;22;24;25;27;28;30;32;33;34;35,35,2.505640375614166,0.9511116493860212,0.89,1;2;3;4;5;6;7;8;9;10;11;12;13;14;15;16;17;18;19;20;22;24;25;26;27;28;29;30;32;33;34;35;37;38;39;40;41;42;43;44;45;46;47;48;49;50;51;52;53;54;56;57;58;59;60;61;62;63;64;66;67;68;70;71;73;74;75;76;77;78;79;80;81;82;83;85;86;87;88;91;92;93;94;95;96;97;98;99;100,100
A0A9Y2IBK6,0.45161290322580644,5;7;8;10;11;14;15;16;18;19;23;27;28;29,31,2.8536179518699645,1.2262532843531213,0.06,50;74;79;92;93;100,100
A0AA37PJ36,0.5434782608695652,2;3;5;6;10;13;14;15;16;17;18;19;21;22;23;25;26;29;32;36;38;39;40;41;43,46,2.7147407937049866,1.3769057930945945,0.72,1;2;3;4;5;7;9;10;11;12;13;14;16;17;18;19;20;21;22;24;25;27;28;32;33;34;35;36;38;39;40;41;42;44;45;48;49;50;51;52;53;54;55;56;58;59;60;61;62;63;66;67;68;69;73;74;76;77;78;81;82;83;84;85;86;87;89;92;93;95;96;98,100
A0AA37PRM7,0.6052631578947368,2;5;6;7;8;9;10;12;13;15;16;17;20;21;23;24;25;26;29;30;32;33;35,38,2.7359607112407685,1.127824327446283,0.77,2;3;4;5;7;8;9;10;11;12;13;16;17;18;20;21;22;23;25;26;27;28;30;31;32;33;34;36;37;38;39;41;42;43;44;45;46;48;49;50;51;52;53;54;55;56;57;60;62;63;64;66;67;68;69;70;71;72;74;76;77;78;79;80;83;84;85;90;91;92;93;94;95;96;97;98;100,100
A0AA42BYT1,0.18,5;12;14;15;16;17;22;38;39,50,2.3296196907758713,1.1839042321486604,0.32,1;4;8;10;14;15;17;18;19;21;22;25;33;36;39;41;48;51;52;53;55;58;59;64;69;77;80;86;87;90;91;95,100
A0AA91EXD2,0.696969696969697,4;5;6;7;9;10;11;12;14;15;16;17;18;19;20;23;24;25;26;27;28;32;33,33,2.9361960780620575,1.3136852072911676,0.73,1;2;3;4;5;6;9;10;11;12;13;14;15;16;17;18;19;20;21;22;23;25;28;29;30;31;32;33;34;36;37;38;41;42;43;45;47;51;52;54;56;57;58;59;60;61;62;65;66;67;68;69;71;73;75;76;77;79;81;82;84;85;86;89;90;92;93;95;96;97;98;99;100,100
A0AA91M3B5,0.5636363636363636,1;2;4;5;7;8;11;12;14;15;16;18;19;20;21;22;23;26;27;28;29;32;34;36;39;40;48;50;51;52;55,55,2.2294086199998855,1.1920277825875063,0.85,1;2;3;4;5;6;7;8;10;11;13;14;15;16;17;19;21;22;23;24;25;26;27;28;29;30;31;32;33;34;36;37;38;39;40;43;44;46;48;49;50;51;52;53;54;55;56;57;58;59;60;62;63;64;65;66;67;68;69;70;72;73;74;75;76;77;78;80;81;82;83;84;85;86;87;88;89;90;92;95;96;97;98;99;100,100
A0AA94UBA0,0.029411764705882353,10,34,2.8700868451595305,1.456816060881321,0.02,15;76,100
A0AAC9VV50,0.017543859649122806,26,57,2.1936234360933304,1.1646781827594694,0.25,5;8;12;13;18;20;43;44;52;53;54;56;61;64;65;69;70;74;75;77;85;86;92;94;100,100
A0AAC9YL18,0.41304347826086957,2;3;4;6;7;9;12;13;16;18;21;24;27;28;30;39;40;43;44,46,2.6097569489479064,1.1587401649679614,0.65,1;2;3;4;5;6;7;8;10;12;14;15;16;17;20;22;23;25;26;27;29;31;32;33;34;35;36;37;39;40;42;44;45;47;48;49;50;51;52;54;57;58;59;60;61;63;64;66;68;71;72;76;77;78;79;81;84;86;87;90;91;93;94;96;97,100
A0AAD1H459,0.3783783783783784,4;5;13;14;16;18;19;20;21;22;23;29;32;33,37,2.60551243185997,0.9715363031924386,0.47,1;2;4;6;7;9;10;11;15;17;18;22;27;28;29;30;31;32;37;38;39;40;42;43;48;49;50;51;53;54;55;57;59;63;68;69;71;75;77;82;83;88;89;90;92;97;98,100
A0AAD1HCQ5,0.046511627906976744,10;15,43,2.4616408491134645,1.064909499057929,0.06,8;18;29;42;47;77,100
A0AAD1HL52,0.32,1;2;4;7;8;11;15;21;27;28;29;37;38;42;47;50,50,2.4859656685590745,1.467796933582151,0.16,5;7;37;39;48;51;53;58;61;64;68;75;76;83;87;99,100
A0AAD1I0L4,0.59375,1;2;4;5;7;8;9;13;14;17;19;20;22;25;26;29;30;31;32,32,2.9517810940742493,1.2143592144540898,0.5,1;2;4;7;8;9;10;14;15;16;17;20;21;24;26;28;29;30;32;34;35;40;43;44;49;50;51;52;53;54;56;57;58;62;69;71;73;74;75;77;78;81;82;83;86;89;94;95;96;97,100
A0AAD1I1H5,0.6666666666666666,2;3;4;6;7;8;9;11;12;14;16;17;18;19;20;21;23;24;25;26;27;28;32;33,36,2.7423581421375274,1.1253366193131908,0.96,1;2;3;4;5;6;7;8;9;10;11;12;13;14;15;16;17;18;19;20;21;22;23;24;25;26;27;29;30;31;32;33;34;35;36;37;38;39;40;41;42;43;44;45;46;47;48;49;50;51;52;53;54;55;56;57;58;59;60;61;62;64;65;66;68;69;70;71;72;73;74;75;76;77;78;79;80;81;82;83;84;85;86;87;89;90;91;92;93;94;95;96;97;98;99;100,100
A0AAD1IMP5,0.34285714285714286,2;4;12;13;17;18;20;24;26;27;30;32,35,2.7297947335243227,1.1726134764909562,0.42,1;2;4;5;6;7;8;12;17;19;20;22;23;24;27;30;32;33;35;36;37;39;41;44;48;51;52;53;55;56;57;61;76;77;79;80;83;85;89;90;91;100,100
A0AAD1IMS5,0.45,2;3;4;5;6;7;8;9;10;11;12;13;14;16;17;18;19;21;25;29;33;36;39;46;48;55;59,60,2.001670886874199,1.145249690272602,0.41,3;4;5;7;8;9;14;15;16;21;23;24;25;27;30;33;34;37;43;44;47;48;50;51;54;55;56;57;59;69;72;73;77;78;79;83;84;85;90;95;99,100
A0AAE4RDM5,0.23529411764705882,2;4;7;8;9;13;14;15,34,2.586592528820038,1.0535922505771498,0.24,1;5;8;22;26;37;40;47;53;54;58;59;60;62;63;80;81;83;88;89;92;93;96;100,100
A0AAE4UD82,0.024390243902439025,13,41,2.684231929779053,1.2424013890325576,0.29,3;10;11;15;17;20;22;23;27;31;32;34;35;36;38;39;48;49;52;55;57;59;62;64;65;68;74;80;97,100
A0AAE6TQG2,0.01694915254237288,18,59,2.2984277278184893,1.2485868786881398,0.02,50;86,100
A0AAI8TZQ7,0.28,1;7;9;12;14;16;17;20;24;25;26;30;41;47,50,2.5105288290977477,1.120514445722515,0.22,3;4;5;8;14;22;23;27;32;35;39;41;49;51;53;65;67;76;82;84;88;89,100
A0AAI8U017,0.6571428571428571,2;3;4;6;7;8;9;10;11;12;13;16;17;20;21;22;25;26;27;30;31;34;35,35,2.842206736803055,1.3089260056020489,0.8,1;2;3;4;5;6;7;9;10;11;12;13;15;16;17;18;19;20;21;22;23;27;28;29;30;32;34;35;36;38;39;40;41;42;43;44;46;48;49;51;53;54;55;56;57;58;59;60;61;62;63;64;65;66;67;68;69;70;71;73;75;76;78;79;82;83;84;85;86;87;90;91;92;93;94;95;96;98;99;100,100
A0AAJ3NLH7,0.5757575757575758,2;3;6;7;10;14;15;16;18;20;22;23;24;26;27;28;29;31;33,33,2.7124856996536253,0.9805554655596226,0.91,1;2;3;4;5;6;7;8;9;10;11;12;13;14;15;16;17;18;19;20;21;22;23;24;25;26;27;28;29;30;31;32;33;34;35;36;37;38;40;41;42;44;45;46;47;48;49;50;51;52;53;54;55;56;57;58;59;60;61;62;63;64;65;66;67;68;70;71;73;74;75;76;78;79;81;82;83;85;86;87;89;90;91;92;93;94;96;97;98;99;100,100
A0AAJ3TVZ5,0.15384615384615385,11;13;17;19;20;37,39,2.711699413061142,1.109520435153579,0.25,2;3;5;9;10;11;16;22;25;26;29;37;41;52;54;57;61;73;74;76;77;84;88;89;95,100
A0AAP6BDL8,0.19230769230769232,3;7;10;11;12;21;23;25;36;37,52,2.24965447306633,1.2167963070305934,0.08,1;5;13;32;52;60;75;89,100
A0AAU4K3W1,0.6530612244897959,1;2;4;5;6;7;8;9;10;11;12;13;15;16;17;19;24;25;26;27;29;30;32;33;34;35;37;40;41;43;45;46,49,2.418735955953598,1.172023657719377,0.96,1;2;3;4;5;6;7;8;9;10;11;12;13;14;15;16;17;18;19;20;21;22;23;24;25;26;27;28;29;30;31;32;33;34;35;36;37;38;39;40;41;42;43;44;45;46;47;48;49;50;51;52;53;54;55;56;57;58;59;60;61;62;64;65;66;67;68;69;70;71;72;73;74;75;76;77;78;79;81;82;83;84;85;86;87;89;90;91;92;93;94;95;96;98;99;100,100
A0AAV2WH99,0.29411764705882354,2;3;5;7;8;9;11;14;15;24;28;32;38;45;48,51,2.3208630341291427,1.1575637322798955,0.17,2;9;10;20;27;30;32;33;39;45;54;59;68;70;73;75;77,100
A0AAW5S5J5,0.39285714285714285,3;4;5;6;7;8;13;17;19;20;21;22;26;31;33;35;40;41;43;45;46;53,56,2.167240436077118,1.0588812845507436,0.68,2;3;4;5;7;9;11;12;13;14;15;16;17;18;19;20;21;22;23;24;25;27;28;32;33;34;35;36;37;38;41;43;44;47;48;49;52;54;57;58;59;60;61;62;63;64;67;68;69;70;71;73;74;75;77;80;81;82;84;85;90;91;92;94;96;97;98;100,100
A0AAW5SKH5,0.14705882352941177,23;25;26;31;34,34,2.8225303936004638,1.229019351185074,0.23,9;17;18;23;24;29;41;44;50;55;57;66;67;72;74;75;81;82;84;86;88;93;100,100
A0AAW5TB97,0.45161290322580644,1;3;4;7;9;12;16;17;18;21;22;23;25;26,31,2.7116348338127136,0.9709033959394046,0.42,4;5;8;11;12;17;18;21;22;23;24;25;28;30;32;36;37;43;44;47;48;52;53;55;58;60;61;62;63;67;68;69;70;72;81;83;84;86;91;93;98;99,100
A0AAW5THR0,0.43243243243243246,5;6;10;12;14;15;16;19;22;27;29;30;31;34;35;36,37,2.754395670890808,1.0426584015325406,0.53,1;3;4;6;8;9;10;11;12;13;14;16;19;20;21;26;29;30;31;33;35;36;37;39;41;42;44;46;47;48;49;50;57;62;63;68;71;72;74;75;76;77;78;84;85;86;90;92;93;94;97;99;100,100
A0AAX1J9Y8,0.36538461538461536,2;3;9;10;11;15;16;20;22;23;31;32;34;35;36;38;40;45;49,52,2.205188261270523,1.2779026883932318,0.3,1;3;11;13;15;23;24;26;27;28;43;44;45;46;54;56;57;60;64;67;68;72;78;79;81;83;86;89;95;99,100
A0AAX2ZQB8,0.2413793103448276,8;12;14;15;17;19;20;21;36;39;44;51;54;56,58,2.131559375524521,1.2704331057724607,0.58,1;2;5;6;8;9;10;11;12;13;14;15;16;17;18;21;25;27;28;29;30;31;33;34;35;37;38;41;42;44;46;48;49;50;51;52;54;57;59;62;64;65;66;67;71;73;79;80;81;84;87;91;92;93;95;97;98;99,100
A0AB33AHW7,0.043478260869565216,27;36,46,2.4625229305028915,1.268946721888498,0.0,,100
A0AB33TCW4,0.06382978723404255,8;39;44,47,2.4893087643384932,1.372626774475568,0.04,5;32;82;90,100
A0AB38CZ04,0.6,3;4;5;8;9;10;13;14;17;18;19;20;22;23;24;25;28;29;31;33;35;36;38;41;43;44;45,45,2.4431321370601653,1.0866351968382921,0.86,1;2;3;4;5;7;8;9;10;11;12;13;16;17;18;19;20;21;22;23;24;26;28;29;30;33;34;37;38;39;40;41;42;43;44;45;46;47;48;49;50;51;52;53;54;55;56;57;58;59;60;61;62;63;64;65;66;67;68;69;70;71;72;73;74;76;78;79;80;81;82;83;84;85;86;87;88;89;90;91;92;94;96;98;99;100,100
A0AB38D5A4,0.16666666666666666,1;11;13;19;22;26;36;49;52,54,2.336803710460663,1.3064501252574203,0.04,31;53;55;68,100
A0AB38USB2,0.425,1;3;6;10;12;17;19;20;23;26;27;28;29;30;33;35;39,40,2.8609766113758086,1.2354287307527805,0.89,1;2;3;4;5;6;7;8;9;10;11;12;13;14;15;17;19;20;21;23;24;26;27;28;29;30;31;32;33;34;35;36;37;38;39;40;41;42;43;44;45;46;47;48;49;50;51;52;54;55;56;58;59;61;62;63;64;65;66;67;68;69;70;72;73;74;75;76;77;78;79;80;81;82;83;85;86;88;89;90;92;93;94;95;96;97;98;99;100,100
A0AB72XQA2,0.3541666666666667,2;3;5;6;7;13;16;17;20;27;28;33;34;41;45;47;48,48,2.4428991258144377,1.2399935554183656,0.7,3;4;5;6;7;8;9;11;14;15;16;17;19;20;22;24;26;27;28;29;31;32;36;38;39;40;41;42;43;45;46;47;48;49;50;51;53;55;57;58;59;60;61;64;65;67;68;69;71;72;73;74;76;77;78;79;81;82;83;84;85;86;87;89;90;94;95;96;99;100,100
A0AB73LM64,0.6909090909090909,2;3;4;5;7;8;11;13;14;16;17;18;19;20;21;22;23;24;26;27;29;30;31;32;33;35;37;38;44;45;46;48;49;51;52;53;54;55,55,2.37208377122879,1.0858614486990277,0.82,1;2;3;4;5;6;7;8;9;10;11;12;13;14;15;16;17;18;20;21;22;23;25;26;27;28;29;30;31;32;33;35;37;38;39;41;44;45;46;48;49;50;51;52;53;54;55;56;57;58;59;61;62;63;66;67;69;70;71;72;73;74;75;76;77;78;80;81;82;83;84;87;88;89;90;94;95;96;97;98;99;100,100
A0AB73N8J1,0.04878048780487805,15;34,41,2.586397953033447,1.2583049412787313,0.02,44;91,100
A0AB73U7U3,0.06896551724137931,7;10;20;23,58,2.2322892993688583,1.1289030326390195,0.05,32;48;51;65;96,100
A0AB73U9A3,0.5,1;3;5;6;7;8;9;10;11;12;15;18;23;24;27;30;31;37;38;39,40,2.7261132621765136,1.2381369380527225,0.69,1;3;5;6;7;8;10;12;13;14;16;17;18;19;20;21;22;23;24;25;26;27;32;35;36;38;40;45;46;48;49;50;51;52;53;55;56;58;59;61;62;63;64;65;66;67;68;71;72;73;74;75;77;78;80;81;82;83;84;85;86;87;88;89;92;95;98;99;100,100
A0AB74FGQ8,0.018518518518518517,17,54,2.226377930045128,1.1321611234553313,0.0,,100
A0ABD6QS80,0.2558139534883721,8;11;16;17;18;22;23;31;34;35;38,43,2.523202032446861,1.201499514684654,0.29,1;2;5;6;8;11;12;14;20;22;23;25;38;46;49;60;61;62;63;68;69;72;78;79;83;84;85;89;96,100
A0ABF7PG24,0.020833333333333332,27,48,2.5097434121370314,1.377270089775094,0.06,24;31;58;65;80;88,100
A0PPD8,0.3275862068965517,2;4;6;9;12;15;16;18;24;26;31;35;36;40;44;45;46;51;58,58,2.186581953167915,1.2149431243967095,0.32,1;2;5;9;13;16;18;19;28;33;35;36;39;45;46;50;55;59;60;61;68;73;77;78;80;82;84;89;96;98;99;100,100
B2HN69,0.11538461538461539,2;7;11;25;26;38,52,2.265866780877113,1.3965547291059102,0.11,11;15;27;33;37;46;47;54;58;90;91,100
D6Z860,0.06666666666666667,13;23;27;60,60,2.055864422917366,1.0858705752763151,0.15,5;9;11;20;24;26;39;40;42;43;69;75;93;95;100,100
D6ZDT1,0.29545454545454547,3;10;11;19;21;23;24;27;28;30;34;37;44,44,2.489808895587921,1.1339412004660605,0.16,3;15;27;34;41;44;47;48;64;77;78;79;83;87;96;97,100
E5XP76,0.717948717948718,2;3;5;7;8;9;10;12;13;14;16;18;19;20;21;22;23;24;26;27;28;31;32;33;34;35;36;37,39,2.7201156222820284,1.22520408585413,0.85,1;2;3;7;8;9;11;12;13;14;15;16;17;18;19;20;21;22;23;25;26;27;28;29;30;32;33;34;35;36;37;38;39;40;41;42;43;44;46;47;48;49;50;51;52;53;55;56;57;58;59;61;62;63;65;67;69;70;72;73;74;75;76;77;78;79;80;82;83;84;85;86;87;89;90;91;92;93;94;95;96;97;98;99;100,100
E5XUS9,0.2857142857142857,2;6;8;9;10;12;13;15;21;34;35;40;45;47,49,2.3337890380620956,1.1458343871334686,0.24,5;9;10;12;26;28;33;39;42;50;52;60;61;67;71;74;77;78;86;87;90;91;92;95,100
H5U1W4,0.037037037037037035,11;28,54,2.25855597615242,1.3437048189964875,0.04,3;31;42;100,100
H6R914,0.02702702702702703,26,37,2.7098643922805787,1.1339117206643687,0.01,54,100
H8ITF4,0.0,,60,2.271723984479904,1.449437367909922,0.0,,100
H8IU56,0.48717948717948717,1;3;4;5;6;10;12;14;16;18;21;25;30;31;33;35;36;38;39,39,2.777207655310631,1.252266909430966,0.67,1;3;5;6;7;11;12;13;14;16;17;18;21;23;24;25;26;27;28;29;30;31;32;33;35;37;38;39;40;41;42;44;45;47;48;49;50;51;53;56;57;59;60;61;62;63;65;67;69;70;71;72;73;74;76;77;83;85;86;88;91;93;94;96;97;98;99,100
I4BIH7,0.05128205128205128,4;13,39,2.660074199438095,1.1689454542454258,0.04,32;46;61;89,100
I7C367,0.16071428571428573,6;10;14;16;17;18;20;21;42,56,2.2144821560382844,1.0200681450660922,0.28,6;10;12;14;18;20;25;27;30;31;34;37;39;40;42;45;55;57;65;68;75;82;83;88;90;94;95;100,100
J9WJ93,0.28846153846153844,5;6;7;11;16;18;24;29;30;31;34;35;39;50;52,52,2.323471736907959,1.089228691435008,0.37,6;8;9;12;14;17;19;20;21;23;26;27;28;30;32;34;35;39;40;43;47;48;51;53;54;55;57;62;66;67;70;72;74;81;85;86;91,100
J9WML3,0.02040816326530612,41,49,2.5058148676156997,1.326294758021314,0.43,2;3;4;5;7;8;10;11;13;16;18;19;20;27;28;29;35;37;42;43;45;46;47;49;50;54;55;58;61;62;64;71;74;78;80;83;84;86;87;90;93;97;100,100
K0EY54,0.7142857142857143,2;3;4;5;6;7;8;9;10;12;13;14;15;16;17;18;20;21;25;26;27;29;31;33;35,35,2.7032338309288027,1.0802427306134876,0.94,1;2;3;4;5;6;7;8;9;10;11;12;13;14;15;16;17;18;19;20;21;22;23;24;25;26;27;28;30;31;32;33;34;35;36;37;38;39;40;41;42;43;44;45;46;47;48;49;50;51;52;53;54;55;56;57;58;59;60;61;62;63;64;65;66;67;68;69;70;71;72;74;75;76;77;78;79;80;81;82;85;86;87;88;89;90;92;93;94;95;96;98;99;100,100
K0UL90,0.27906976744186046,1;2;3;4;10;12;20;23;24;29;30;38,43,2.5993464666604997,1.1540514371863266,0.24,2;5;6;9;10;12;13;22;23;27;28;34;37;52;56;61;65;74;76;84;86;92;99;100,100
K0V789,0.2682926829268293,4;11;13;18;21;33;35;36;37;40;41,41,2.6195324742794037,1.1474028628444937,0.33,1;5;8;11;13;19;21;26;29;34;38;39;40;42;44;48;52;55;56;58;61;65;66;69;71;74;78;79;80;85;86;98;99,100
L7V8G3,0.35714285714285715,4;8;9;10;12;14;20;23;24;25;28;29;34;36;37,42,2.6032532238960266,1.1493210225671961,0.3,2;9;11;13;14;15;21;23;26;27;30;31;32;35;36;43;44;48;52;54;63;64;68;69;75;78;81;82;94;100,100
O69484,0.16279069767441862,2;8;10;12;13;20;27,43,2.616575095653534,1.2438206945582435,0.73,1;2;4;5;6;7;9;10;12;14;15;16;18;19;21;22;23;24;26;27;28;30;31;34;35;36;37;38;41;42;43;44;46;47;48;49;50;52;53;54;56;57;58;59;60;61;63;64;65;66;67;68;69;71;72;73;74;75;77;78;79;80;81;84;86;88;89;90;93;94;95;98;99,100
Q5YY80,0.10869565217391304,8;10;23;35;44,46,2.5328646981716156,1.4023225983763192,0.22,11;13;26;33;36;37;40;42;45;47;52;54;55;60;66;70;71;78;89;94;97;98,100
Q6RKB1,0.2708333333333333,1;14;16;17;18;19;22;30;31;37;39;42;48,48,2.431137816309929,1.3414920794423966,0.97,1;2;3;4;5;6;7;8;9;10;11;12;13;14;15;16;17;18;19;20;21;22;23;24;25;26;27;28;29;30;31;32;33;34;35;36;37;38;39;40;41;42;43;44;45;46;47;48;49;50;51;52;53;54;55;56;57;58;59;60;61;63;64;65;66;67;68;69;70;71;72;73;75;76;77;78;79;80;82;83;84;85;86;87;88;89;90;91;92;93;94;95;96;97;98;99;100,100
Q741P9,0.0,,33,2.801644675731659,1.2073578193087444,0.0,,100
Q7D6X4,0.2222222222222222,2;7;13;16;19;25;26;33,36,2.828519862294197,1.4338758351911414,0.64,1;2;3;4;5;6;8;9;10;11;12;14;15;16;17;20;22;24;26;29;30;32;34;35;36;38;40;41;42;44;46;47;48;49;50;53;54;56;57;58;61;63;65;68;69;70;71;74;75;77;78;79;80;82;83;84;85;86;88;90;92;97;98;100,100
U5ELY0,0.020833333333333332,25,48,2.3526116150617598,1.2898431388685099,0.13,5;16;23;29;33;34;40;45;76;77;78;97;100,100
V5X749,0.36,3;6;7;8;12;14;16;18;19;21;25;35;36;37;41;43;44;45,50,2.3299900609254838,1.279924410859238,0.66,1;2;3;5;7;9;10;11;12;13;14;15;17;18;20;21;22;23;28;29;32;33;34;35;36;37;38;39;41;42;43;44;46;47;51;52;53;54;56;58;60;61;62;63;64;65;66;67;68;69;73;74;75;77;78;80;81;82;83;85;91;94;96;97;99;100,100
V5XIA1,0.6666666666666666,1;3;4;5;6;7;9;10;11;12;14;16;17;18;19;21;22;23;25;27;28;29;31;32;34;37;39;40;41;44,45,2.6189860212802887,1.254007475072189,0.66,1;3;4;5;6;7;8;9;10;13;16;17;18;19;20;21;22;23;24;25;26;28;29;31;32;34;35;38;39;41;42;43;44;45;46;47;48;49;50;52;54;55;56;57;58;62;63;65;66;68;70;71;72;76;77;78;80;81;82;83;87;88;94;96;98;100,100
W5WC87,0.3902439024390244,4;6;9;12;15;19;22;23;24;28;29;31;36;39;40;41,41,2.5950905549526215,1.1226304777162912,0.49,4;6;7;12;13;14;15;20;21;27;28;29;33;34;35;36;38;39;41;46;48;49;55;57;59;62;64;65;67;68;69;70;71;72;73;74;75;77;79;80;82;83;86;87;92;93;97;98;99,100
W7J139,0.4909090909090909,2;4;6;9;10;11;12;15;16;17;18;23;26;27;32;34;35;36;37;38;39;40;43;44;47;48;52,55,2.2450173395872115,1.3046019724192706,0.66,1;2;4;5;7;8;10;11;12;13;15;17;18;19;20;23;24;25;26;27;28;29;30;31;33;34;36;37;38;41;42;43;45;47;48;49;51;52;54;55;56;58;59;60;62;63;64;65;69;71;72;75;76;77;80;81;82;84;85;86;89;90;91;92;97;99,100
W9B0J1,0.15789473684210525,1;5;11;14;19;27;32;35;37,57,2.1401778692007065,1.2565724924932868,0.01,22,100
X0Q040,0.04,11;29,50,2.3782736271619798,1.2326040738441044,0.0,,100
X8A9W7,0.07547169811320754,8;43;48;49,53,2.305766349434853,1.2632191391675796,0.18,5;21;26;41;49;54;61;62;63;69;70;76;79;90;92;93;95;100,100
X8DPU6,0.18421052631578946,7;15;19;20;27;28;33,38,2.845042407512665,1.2224846179629296,0.28,1;3;6;13;18;21;25;26;27;28;40;41;47;50;51;53;55;57;60;71;79;83;84;87;94;97;98;100,100
