variant,apo_rmsd_mean,apo_rmsd_std,holo_rmsd_mean,holo_rmsd_std,apo_prmsd_mean,apo_prmsd_std,holo_prmsd_mean,holo_prmsd_std,key_res_rmsd
G418Q,0.8890307005227436,0.21095634413074518,0.8629994346230637,0.25068246020842105,1.141111309528351,0.033419245761893035,3.704758653640747,1.637093040123765,0.6861670463122953
T258N,0.8070642833308215,0.20943180148995613,0.9856510203766309,0.18190804313816258,1.1323187947273254,0.04514237231257236,3.6970760583877564,1.7427139996147667,1.1144674344221657
A397S,0.9506349350120608,0.21795033605746195,0.9068587073866611,0.18383083470879638,1.1190565085411073,0.04340926460573635,3.7206749939918518,1.6514278396884874,0.9815538808515781
T493C,0.91178558725854,0.17012254880003438,0.9342753328881587,0.19092565443611925,1.1125502252578736,0.04848338818434253,3.7020296239852906,1.8199304972778454,0.9846776115143235
S394D,0.9429070630817115,0.1717595473600683,0.9009453823150659,0.19200609006411587,1.1081464195251465,0.0504505724489231,3.623810911178589,1.784322521084747,0.828320653417856
K516E,0.8210095250939604,0.23915755411508074,0.9251128895045371,0.16992205874523159,1.1540628290176391,0.042538001417021694,3.5979060554504394,1.4827345376223282,1.0292157263204755
S396R,0.8914925083433233,0.2146186937026891,0.9565383533393375,0.2003180248090781,1.1466287207603454,0.04477005439848737,3.6988217639923096,1.7420924993444262,1.0538046591141979
S547A,0.8328330053865648,0.17736098579277437,0.9074263797321686,0.2556390546314071,1.0948824071884156,0.0459782095186033,3.684096214771271,1.4213063077207277,0.9856490798104345
G418T,0.8880665015033656,0.22456272955962966,0.9193196761166499,0.18470452927869743,1.1313360571861266,0.051697309017318616,3.5420425033569334,1.5592877930078677,0.9683638473776085
K516I,0.9063861166011228,0.2337212341367308,0.8404861593024934,0.2572343333045086,1.1338737249374389,0.043781082662792355,3.5978294110298155,1.5173724956487809,0.8435808088530852
G395K,1.0220066726698092,0.18288139812609636,0.8959384836102268,0.20419134243507703,1.125837574005127,0.04620416166931828,2.7319745063781737,1.6011846698486203,1.1353803219068117
K281L,0.84381630259248,0.20297426249604444,0.9452525978881855,0.1558633225366023,1.1250114583969115,0.04651295393561721,3.608749177455902,1.3214525972255196,1.027278548327161
S394M,0.8014339731003834,0.25323987892273214,0.9072102498680545,0.18257133423723412,1.1201482343673705,0.04427858668214195,3.0473859667778016,1.5678028776280417,0.6254521479312326
H301N,0.9584243203506988,0.21646825370148856,0.9423294613612537,0.19800002484633605,1.0978365659713745,0.04630119004149254,3.6085781764984133,1.3026054584679623,0.7394323792663197
A397H,0.8352582344286148,0.18874951644301396,0.9838944926851625,0.2154213666410574,1.0981858134269715,0.046151752957693117,3.4625927448272704,1.9777631759930963,1.1028905897821988
S394C,0.9068618039744014,0.21246237323758374,0.977320477465173,0.23977874791723133,1.141346435546875,0.04814676303434399,3.7272416234016417,1.5997562912796157,0.6684250119886772
G418P,0.9237591331245584,0.20588325402789956,0.9004468012707597,0.19701235942380815,1.108690438270569,0.04535542295808563,3.6424091243743897,1.397437516907028,0.8495709354295804
S547G,0.8623493849516103,0.20502173357997439,0.9263056936969378,0.2542532113771479,1.118523395061493,0.04446532307063662,3.203232755661011,1.3166083466106258,0.8771888228118844
K516Q,0.9944474776557028,0.15004836057711946,0.9792635099501775,0.1744806538839089,1.1297101616859435,0.04336911907385585,3.5862959599494935,1.489467202285614,0.911376778154955
G395H,0.9102705915781455,0.2245231159012302,0.9458478706619087,0.19327327349000362,1.1690205693244935,0.053788998282919914,3.29980628490448,1.7024761500902512,0.9124835020591578
G418N,0.9022135913310625,0.19156561606328465,0.8454046450547704,0.1842619749316389,1.1268983793258667,0.044566830505052925,3.4995434617996217,1.6131319791384031,0.39363587808346645
S547T,0.845201064627568,0.20197854416527972,0.9855849675498034,0.21532816322051923,1.1118849444389343,0.037407798024709775,3.6996444416046144,1.7354770029259459,1.1229373231304434
G395S,0.9060068353297125,0.17787875856656724,0.9684136495104356,0.2078352253097308,1.159207479953766,0.03792102123669516,3.533210778236389,1.6785347918506839,1.1243457883162757
T493Y,0.9918201735988836,0.22097418937802388,0.9853523939202613,0.17053174713840927,1.1294415521621703,0.046067001067346576,3.6120123720169066,1.4403136026919925,1.039557556978289
T258P,0.9250558045003886,0.15734708824991167,0.8922547938140022,0.1867314163267219,1.0797872853279114,0.05117743665365947,3.70032972574234,1.5434746675525712,1.1788754817386111
R429G,0.9000353104583528,0.26324644939500025,0.9256654511376352,0.30953126029323363,1.1146283531188965,0.04005888802299069,3.41319452047348,1.3877306446559294,0.8548474393198261
R429H,0.9775014598995639,0.2297777072332388,0.8929829033293938,0.2227145933252855,1.1061950707435608,0.03726146985698964,3.6114807534217834,1.6103920455548733,0.9330805004975962
H301Y,1.1540552653727802,0.21398797549725238,0.9719093703071807,0.20124892143000764,1.1471716451644898,0.04628033253784226,3.5732387828826906,1.7846849658583956,1.090842820427091
T422K,1.0247181168508286,0.1829287275816104,0.9005423887256551,0.2006469351078227,1.1368877458572388,0.04397002739413558,3.6193855953216554,1.6003588113865994,0.9772694577108955
D417V,1.084507398098823,0.15689747618651836,0.9102599654678522,0.2525963542734876,1.1337469840049743,0.04411182465184044,3.710058619976044,1.4061116053185247,1.0968580045920162
G395M,0.9928549898072349,0.2376361043972042,0.949615088664555,0.251922569971565,1.0901117992401124,0.06037104696582073,3.0653974413871765,1.8557774695643239,1.0410678559921214
S394A,0.830202312580151,0.21003877307483798,0.9858790892750665,0.1790124509960389,1.1181978130340575,0.04511149400235727,3.5314150929450987,1.673082014353404,0.580174204723031
R429I,0.828844294827584,0.22227709333063397,0.7704819669866366,0.22414424914803807,1.07365913271904,0.04568296112363281,3.577411956787109,1.5596751784188774,0.7554957057986548
T422L,0.9614253026683857,0.21172185600588872,0.9068437994242857,0.21194989047369192,1.1244940042495728,0.044020104262243294,3.3337685537338255,1.3550035469188864,0.6415796827316562
G395C,1.0250959279325536,0.18250133782724778,0.9729699542540985,0.18636918441844713,1.1706417560577393,0.03735527507541585,3.394270339012146,1.679628451529619,1.0464538728019483
A397Y,0.8977641700193526,0.20677045354627493,0.9543716945382934,0.23576950842408043,1.1469773149490357,0.04585572320261861,3.5686460065841676,1.5571626964062784,1.0303659470851443
W283I,0.8190145442464588,0.22248092906206476,0.9929642346308466,0.20617384778799677,1.0799971055984496,0.02486991599960695,3.5680935549736024,1.315850037041837,1.0460166499682062
WT,0.9723863234688371,0.22997811583326563,0.9980179928747623,0.22544067082261823,1.1068156576156616,0.04377152760644725,3.7279921793937683,1.437892329841262,1.234566537865994
A303T,0.79633935569441,0.23853720476345783,0.9106178393441468,0.21058464318904552,1.1125633764266967,0.048107999724295365,3.666049294471741,1.8408453892062016,0.8402050722429264
S421K,0.8722149475204348,0.19517443419826888,0.9504278612619682,0.1966048347909955,1.1313778591156005,0.035744014470364106,3.672848825454712,1.3683476991151409,0.8203854600824463
K516D,1.245223920195011,0.17811564163426108,0.8307187366483514,0.17863813829128075,1.128512246608734,0.04358791366897155,3.414623737335205,1.4620848603286463,1.0644960476802683
Y507W,0.8590218351367259,0.1282933614862225,0.8676475326407064,0.1301339362560295,1.1336103463172913,0.038919027234103565,3.4234848546981813,1.4982145117351533,1.0995630292013838
A397N,0.8304868268874158,0.23738341439269162,0.9706673498561781,0.1779581451740085,1.1014881086349488,0.040540664076288126,3.7063963770866395,1.8512233525634108,0.985066253121354
G425T,1.0568735184536102,0.21147054229379464,0.9419908954468595,0.2084932798864961,1.135784749984741,0.045527902738089834,3.494223184585571,1.5334727794232683,1.1451244512456102
A303G,0.8711457632142731,0.17495487985657499,0.9220175658342015,0.21530497672166166,1.1196593284606933,0.0527822363978978,3.6723730516433717,1.4547903012921615,1.0860270845360787
T258V,0.8853354077352815,0.21252855567313217,0.9555041490280891,0.1684981896103914,1.1342609643936157,0.03466005991520836,3.6084074330329896,1.5101768066246437,1.1953744566574471
S421C,0.8463151223570455,0.19443176342591031,0.9835829354202885,0.27823675929011804,1.1099803829193116,0.05195009495726535,3.6215421462059023,1.4859173405468895,0.9225616892366569
G395P,0.8728874788455704,0.25533360195958327,0.8974195330484047,0.19472252795956602,1.1571679782867432,0.04319315457225136,3.2510202956199645,1.9079648597380232,1.1289356925191292
G418C,0.9287463224523979,0.229981279056478,0.9340507719194907,0.1804748396059439,1.0695260429382325,0.03640013347278063,3.6591164112091064,1.6303661168746373,0.8060551831391343
S394R,0.9511521663830887,0.16658914668137084,0.9033098313624393,0.17934973542646818,1.1624462270736695,0.04439402694160475,3.566689751148224,1.6799549667885767,1.0602724836857156
A397C,0.9951395715358303,0.19078767992092632,0.9024557272199124,0.22492941051672483,1.13902738571167,0.04363709919252344,3.664731059074402,1.7937980029176015,0.7721961113401189
A397P,0.8454768570629603,0.2279328861842826,0.9161548631668998,0.15036359875367303,1.1135594654083252,0.054511511369372746,3.7177820706367495,1.5309849495224799,0.7184413766422791
K516S,0.8436649357542484,0.19916093001845453,0.9946353393412045,0.18229702326519942,1.129616961479187,0.03852730873395874,3.639057095050812,1.5632143490690757,1.0566646076089843
K516M,0.9082537673058884,0.1964536824632123,0.9314526174468494,0.1940043764076958,1.1560509586334229,0.04945089237064756,3.5804887008666992,1.6886357696061987,0.9138125824849879
T422W,0.902989166195251,0.18456904809189617,0.8813298498287021,0.2182289693463861,1.221492154598236,0.049188838457666764,3.4966530179977418,1.4588250849532651,0.8447302804498765
R429L,0.8794437006811232,0.23366637901286932,0.8051799294814066,0.21783138866673357,1.0852270317077637,0.05115047916937583,3.59771657705307,1.470606234779023,0.47187082841640343
G418L,0.9197270881240798,0.17389651540639015,0.9188481269228731,0.2337782990567103,1.0762314879894257,0.03810707826139195,3.440039372444153,1.583867249475345,0.8309022957330798
